INSERT INTO colleges (college_id, name, college_tier, type, location, state, description, nirf_ranking, website_url) VALUES
(1, 'Indian Institute of Technology Madras', 'Tier 1', 'Public', 'Chennai', 'Tamil Nadu', 'Premier engineering institute known for research and core engineering programs.', 1, 'https://www.iitm.ac.in'),
(2, 'National Institute of Technology Tiruchirappalli', 'Tier 1', 'Public', 'Tiruchirappalli', 'Tamil Nadu', 'Top NIT with strong placements in core and computing disciplines.', 9, 'https://www.nitt.edu'),
(3, 'College of Engineering, Guindy', 'Tier 1', 'Public', 'Chennai', 'Tamil Nadu', 'One of the oldest engineering colleges in India with strong state counselling intake.', 20, 'https://www.annauniv.edu/ceg'),
(4, 'Anna University', 'Tier 1', 'Public', 'Chennai', 'Tamil Nadu', 'State university offering affiliated engineering programs through counselling routes.', 13, 'https://www.annauniv.edu'),
(5, 'PSG College of Technology', 'Tier 1', 'Autonomous', 'Coimbatore', 'Tamil Nadu', 'Well-known autonomous engineering college with industry-linked programs.', 44, 'https://www.psgtech.edu'),
(6, 'Vellore Institute of Technology', 'Tier 1', 'Private', 'Vellore', 'Tamil Nadu', 'Large private university with national entrance-based B.Tech admissions.', 11, 'https://www.vit.ac.in'),
(7, 'SRM Institute of Science and Technology', 'Tier 1', 'Private', 'Kattankulathur', 'Tamil Nadu', 'Private university with broad engineering offerings and entrance-based admission.', 13, 'https://www.srmist.edu.in'),
(8, 'SSN College of Engineering', 'Tier 2', 'Autonomous', 'Chennai', 'Tamil Nadu', 'Autonomous engineering college known for strong academic discipline and placements.', 45, 'https://www.ssn.edu.in'),
(9, 'SASTRA Deemed University', 'Tier 1', 'Deemed', 'Thanjavur', 'Tamil Nadu', 'Deemed university with engineering admissions through merit and national exams.', 37, 'https://www.sastra.edu'),
(10, 'Thiagarajar College of Engineering', 'Tier 2', 'Autonomous', 'Madurai', 'Tamil Nadu', 'Autonomous engineering college with strong core engineering departments.', 77, 'https://www.tce.edu'),
(11, 'Kumaraguru College of Technology', 'Tier 2', 'Autonomous', 'Coimbatore', 'Tamil Nadu', 'Autonomous private engineering college with modern computing programs.', 88, 'https://www.kct.ac.in'),
(12, 'Amrita School of Engineering, Coimbatore', 'Tier 1', 'Private', 'Coimbatore', 'Tamil Nadu', 'Private deemed institute with national-level entrance and strong placements.', 7, 'https://www.amrita.edu'),
(13, 'Pondicherry Engineering College', 'Tier 2', 'Public', 'Puducherry', 'Puducherry', 'Government engineering college serving state and regional students.', 101, 'https://pec.edu.in'),
(14, 'Madras Institute of Technology', 'Tier 1', 'Public', 'Chennai', 'Tamil Nadu', 'University campus with strong aerospace and engineering specializations.', 40, 'https://www.mitindia.edu'),
(15, 'Birla Institute of Technology and Science, Pilani', 'Tier 1', 'Private', 'Pilani', 'Rajasthan', 'Nationally recognized private institute with BITSAT-based admissions.', 25, 'https://www.bits-pilani.ac.in'),
(16, 'Delhi Technological University', 'Tier 1', 'Public', 'Delhi', 'Delhi', 'Top state university in Delhi with JEE Main based engineering admissions.', 40, 'https://www.dtu.ac.in'),
(17, 'Jadavpur University', 'Tier 1', 'Public', 'Kolkata', 'West Bengal', 'Highly selective university with strong engineering reputation in West Bengal.', 12, 'https://www.jaduniv.edu.in'),
(18, 'Manipal Institute of Technology', 'Tier 1', 'Private', 'Manipal', 'Karnataka', 'Large private engineering campus with MET-based admissions.', 56, 'https://www.manipal.edu/mit'),
(19, 'RV College of Engineering', 'Tier 1', 'Private', 'Bengaluru', 'Karnataka', 'Popular Bengaluru engineering college with KCET and COMEDK routes.', 99, 'https://rvce.edu.in'),
(20, 'BMS College of Engineering', 'Tier 1', 'Private', 'Bengaluru', 'Karnataka', 'Established autonomous engineering college with broad B.Tech options.', 101, 'https://bmsce.ac.in'),
(21, 'M. S. Ramaiah Institute of Technology', 'Tier 1', 'Private', 'Bengaluru', 'Karnataka', 'Private autonomous college with consistent engineering demand.', 75, 'https://www.msrit.edu'),
(22, 'PES University', 'Tier 1', 'Private', 'Bengaluru', 'Karnataka', 'Private university with strong engineering and entrance-based selection.', 100, 'https://pes.edu'),
(23, 'Chandigarh University', 'Tier 1', 'Private', 'Mohali', 'Punjab', 'Large private university with CUCET and merit pathways.', 20, 'https://www.cuchd.in'),
(24, 'Thapar Institute of Engineering and Technology', 'Tier 1', 'Private', 'Patiala', 'Punjab', 'Established private institute with strong engineering placements.', 29, 'https://www.thapar.edu'),
(25, 'COEP Technological University', 'Tier 1', 'Public', 'Pune', 'Maharashtra', 'Historic public engineering university in Maharashtra.', 72, 'https://www.coeptechnologicaluniversity.ac.in'),
(26, 'Visvesvaraya National Institute of Technology', 'Tier 1', 'Public', 'Nagpur', 'Maharashtra', 'Leading NIT with national admission through JEE Main.', 8, 'https://vnit.ac.in'),
(27, 'IIIT Hyderabad', 'Tier 1', 'Public-Private', 'Hyderabad', 'Telangana', 'Premier information technology institute with selective admissions.', 55, 'https://www.iiit.ac.in'),
(28, 'Indian Institute of Technology Delhi', 'Tier 1', 'Public', 'Delhi', 'Delhi', 'Premier IIT with high national cutoff and research focus.', 2, 'https://home.iitd.ac.in'),
(29, 'Indian Institute of Technology Bombay', 'Tier 1', 'Public', 'Mumbai', 'Maharashtra', 'Premier IIT with very strong engineering and computing programs.', 3, 'https://www.iitb.ac.in'),
(30, 'National Institute of Technology Warangal', 'Tier 1', 'Public', 'Warangal', 'Telangana', 'Top NIT with broad engineering and computing options.', 21, 'https://www.nitw.ac.in'),
(31, 'National Institute of Technology Karnataka', 'Tier 1', 'Public', 'Surathkal', 'Karnataka', 'Top NIT with coast-campus engineering programs.', 17, 'https://www.nitk.ac.in'),
(32, 'Andhra University College of Engineering', 'Tier 2', 'Public', 'Visakhapatnam', 'Andhra Pradesh', 'Government engineering college under Andhra University.', 150, 'https://www.andhrauniversity.edu.in'),
(33, 'University College of Engineering, Osmania University', 'Tier 2', 'Public', 'Hyderabad', 'Telangana', 'Old and respected public engineering college in Hyderabad.', 140, 'https://www.osmania.ac.in'),
(34, 'Kalinga Institute of Industrial Technology', 'Tier 1', 'Private', 'Bhubaneswar', 'Odisha', 'Large private deemed university with KIITEE-based admissions.', 16, 'https://kiit.ac.in'),
(35, 'Amity School of Engineering and Technology', 'Tier 2', 'Private', 'Noida', 'Uttar Pradesh', 'Private engineering school with merit and entrance options.', 151, 'https://www.amity.edu'),
(36, 'Manipal University Jaipur', 'Tier 1', 'Private', 'Jaipur', 'Rajasthan', 'Private university with engineering admission through MET and merit.', 64, 'https://jaipur.manipal.edu'),
(37, 'VIT Chennai', 'Tier 1', 'Private', 'Chennai', 'Tamil Nadu', 'Chennai campus of VIT with the same national entrance ecosystem.', 11, 'https://chennai.vit.ac.in'),
(38, 'National Institute of Technology Calicut', 'Tier 1', 'Public', 'Kozhikode', 'Kerala', 'Top NIT with strong engineering demand.', 23, 'https://nitc.ac.in'),
(39, 'Indian Institute of Technology Kharagpur', 'Tier 1', 'Public', 'Kharagpur', 'West Bengal', 'Oldest IIT with broad engineering and science programs.', 6, 'https://www.iitkgp.ac.in'),
(40, 'National Institute of Technology Rourkela', 'Tier 1', 'Public', 'Rourkela', 'Odisha', 'Top NIT with national placement and research strength.', 16, 'https://www.nitrkl.ac.in'),
(41, 'Jawaharlal Nehru Technological University Hyderabad', 'Tier 1', 'Public', 'Hyderabad', 'Telangana', 'Major public technical university in Hyderabad with strong EAPCET-based engineering options.', 101, 'https://www.jntuh.ac.in'),
(42, 'Chaitanya Bharathi Institute of Technology', 'Tier 1', 'Autonomous', 'Hyderabad', 'Telangana', 'Well-known autonomous engineering college in Hyderabad with competitive admission demand.', 151, 'https://www.cbit.ac.in'),
(43, 'Vasavi College of Engineering', 'Tier 1', 'Autonomous', 'Hyderabad', 'Telangana', 'Established Hyderabad engineering college with strong computer and electronics branches.', 151, 'https://www.vce.ac.in'),
(44, 'Mahindra University School of Engineering', 'Tier 1', 'Private', 'Hyderabad', 'Telangana', 'Private engineering school in Hyderabad with merit and entrance-based admissions.', 151, 'https://www.mahindrauniversity.edu.in'),
(45, 'Gokaraju Rangaraju Institute of Engineering and Technology', 'Tier 1', 'Autonomous', 'Hyderabad', 'Telangana', 'Established Hyderabad engineering institute with strong placements and research.', 101, 'https://www.griet.ac.in'),
(46, 'CMR Engineering College', 'Tier 1', 'Private', 'Hyderabad', 'Telangana', 'Leading engineering college in Hyderabad with comprehensive BTech programs.', 151, 'https://www.cmr.ac.in'),
(47, 'Vignan University', 'Tier 1', 'Private', 'Visakhapatnam', 'Andhra Pradesh', 'Private university with engineering and research focus across multiple campuses.', 80, 'https://www.vignan.ac.in'),
(48, 'Nirma University', 'Tier 1', 'Private', 'Ahmedabad', 'Gujarat', 'Leading private university with strong engineering and management programs.', 56, 'https://www.nirmauni.ac.in'),
(49, 'Dharmsinh Desai University', 'Tier 1', 'Private', 'Nadiad', 'Gujarat', 'Pioneering technical university with heritage and modern engineering programs.', 101, 'https://www.ddu.ac.in'),
(50, 'IIT Bombay', 'Tier 1', 'Public', 'Mumbai', 'Maharashtra', 'Premier IIT with exceptional engineering and research infrastructure.', 3, 'https://www.iitb.ac.in'),
(51, 'Indian Institute of Technology Madras', 'Tier 1', 'Public', 'Chennai', 'Tamil Nadu', 'Top tier IIT known for research excellence and engineering programs.', 1, 'https://www.iitm.ac.in'),
(52, 'University of Petroleum and Energy Studies', 'Tier 1', 'Private', 'Dehradun', 'Uttarakhand', 'Specialized university focused on energy and petroleum engineering.', 125, 'https://www.upes.ac.in'),
(53, 'National Institute of Technology Delhi', 'Tier 1', 'Public', 'Delhi', 'Delhi', 'Top tier NIT with strong placements and academic rigor.', 30, 'https://www.nitdelhi.ac.in'),
(54, 'Motilal Nehru National Institute of Technology', 'Tier 1', 'Public', 'Allahabad', 'Uttar Pradesh', 'Premier NIT with excellent engineering and core program offerings.', 31, 'https://www.mnnit.ac.in'),
(55, 'Indian Institute of Technology (BHU) Varanasi', 'Tier 1', 'Public', 'Varanasi', 'Uttar Pradesh', 'Historic IIT with strong heritage and engineering excellence.', 10, 'https://www.iitbhu.ac.in'),
(56, 'National Institute of Technology Hamirpur', 'Tier 1', 'Public', 'Hamirpur', 'Himachal Pradesh', 'Top NIT with beautiful campus and strong technical programs.', 30, 'https://www.nith.ac.in'),
(57, 'Punjab Engineering College', 'Tier 1', 'Public', 'Chandigarh', 'Chandigarh', 'Prestigious government engineering college with national standing.', 65, 'https://www.pec.ac.in'),
(58, 'Netaji Subhas University of Technology', 'Tier 1', 'Public', 'Delhi', 'Delhi', 'Autonomous engineering university known for quality education.', 70, 'https://www.nsu.ac.in'),
(59, 'LPU School of Engineering', 'Tier 1', 'Private', 'Phagwara', 'Punjab', 'Large private engineering school with diverse program offerings.', 135, 'https://www.lpu.in'),
(60, 'R.V. College of Engineering', 'Tier 1', 'Private', 'Bengaluru', 'Karnataka', 'Well-established autonomous college with industry linkages.', 99, 'https://rvce.edu.in'),
(61, 'DA-IICT', 'Tier 1', 'Private', 'Gandhinagar', 'Gujarat', 'Specialized ICT institute with strong computing programs.', 103, 'https://www.daiict.ac.in'),
(62, 'Goa College of Engineering', 'Tier 2', 'Public', 'Farmagudi', 'Goa', 'Oldest engineering college in Goa with legacy and modern facilities.', 142, 'https://www.goa.ac.in'),
(63, 'Dr. B. R. Ambedkar National Institute of Technology', 'Tier 1', 'Public', 'Jalandhar', 'Punjab', 'Major NIT with excellent academic and sports infrastructure.', 31, 'https://www.nitj.ac.in'),
(64, 'SASTRA Deemed to be University', 'Tier 1', 'Deemed', 'Thanjavur', 'Tamil Nadu', 'Deemed university with global recognition for engineering programs.', 37, 'https://www.sastra.edu'),
(65, 'Lovely Professional University', 'Tier 1', 'Private', 'Phagwara', 'Punjab', 'Large private university with comprehensive engineering programs.', 140, 'https://www.lpu.in'),
(66, 'Shobhit University', 'Tier 1', 'Private', 'Meerut', 'Uttar Pradesh', 'Private university offering diverse engineering specializations.', 151, 'https://www.shobhituniversity.ac.in'),
(67, 'Graphic Era University', 'Tier 1', 'Private', 'Dehradun', 'Uttarakhand', 'Private university focused on technical and management education.', 151, 'https://www.geu.ac.in'),
(68, 'Narsee Monjee Institute of Management Studies', 'Tier 1', 'Private', 'Mumbai', 'Maharashtra', 'Well-known institution offering engineering and management programs.', 101, 'https://www.nmims.edu'),
(69, 'National Institute of Technology Surathkal', 'Tier 1', 'Public', 'Surathkal', 'Karnataka', 'Top NIT with strong maritime and coastal engineering programs.', 17, 'https://www.nitk.ac.in'),
(70, 'Visvesvaraya Institute of Technology', 'Tier 2', 'Autonomous', 'Bangalore', 'Karnataka', 'Autonomous institute with industry-oriented curriculum.', 155, 'https://www.vit.ac.in'),
(71, 'Sri Sivasubramaniya Nadar College of Engineering', 'Tier 1', 'Autonomous', 'Chennai', 'Tamil Nadu', 'Autonomous college with emphasis on research and innovation.', 45, 'https://www.ssn.edu.in'),
(72, 'K. L. Deemed to be University', 'Tier 1', 'Deemed', 'Vijayawada', 'Andhra Pradesh', 'Deemed university with modern engineering facilities.', 101, 'https://www.kluniversity.in'),
(73, 'GMR Institute of Technology', 'Tier 1', 'Private', 'Rajam', 'Andhra Pradesh', 'Private institute with aviation and IT focus.', 125, 'https://www.gmrit.edu.in'),
(74, 'Institute of Technology and Management', 'Tier 2', 'Private', 'Ghaziabad', 'Uttar Pradesh', 'Private engineering institute with placement focus.', 151, 'https://www.itmindia.edu'),
(75, 'Chitkara University', 'Tier 1', 'Private', 'Patiala', 'Punjab', 'Private university offering comprehensive engineering programs.', 120, 'https://www.chitkara.edu.in'),
(76, 'Jaipur National University', 'Tier 1', 'Private', 'Jaipur', 'Rajasthan', 'Private university with engineering and business focus.', 140, 'https://www.jnu.ac.in'),
(77, 'Madhav Institute of Technology and Science', 'Tier 2', 'Private', 'Gwalior', 'Madhya Pradesh', 'Private engineering institute with strong academics.', 151, 'https://www.mits.ac.in'),
(78, 'MAEER''s MIT Academy of Engineering', 'Tier 1', 'Private', 'Pune', 'Maharashtra', 'Established autonomous engineering college in Pune.', 102, 'https://www.mitwpu.edu.in'),
(79, 'Rajasthan Technical University', 'Tier 1', 'Public', 'Kota', 'Rajasthan', 'State technical university with affiliated colleges.', 151, 'https://www.rtu.ac.in'),
(80, 'Jamia Millia Islamia', 'Tier 1', 'Central', 'Delhi', 'Delhi', 'Minority institution with strong engineering programs.', 95, 'https://www.jmi.ac.in'),
(81, 'Dayananda Sagar University', 'Tier 1', 'Private', 'Bangalore', 'Karnataka', 'Private university with engineering and IT focus.', 135, 'https://www.dsu.edu.in'),
(82, 'Karunya Institute of Technology and Sciences', 'Tier 1', 'Deemed', 'Coimbatore', 'Tamil Nadu', 'Deemed university with engineering and research focus.', 77, 'https://www.karunya.edu'),
(83, 'Shillong Engineering College', 'Tier 2', 'Public', 'Shillong', 'Meghalaya', 'Public engineering college in North East India.', 151, 'https://www.sec.ac.in'),
(84, 'National Institute of Technology Mizoram', 'Tier 1', 'Public', 'Aizawl', 'Mizoram', 'NIT serving North East India with focus on local development.', 59, 'https://www.nitmz.ac.in'),
(85, 'Indian Institute of Technology Guwahati', 'Tier 1', 'Public', 'Guwahati', 'Assam', 'IIT serving North East region with excellent facilities.', 24, 'https://www.iitg.ac.in'),
(86, 'National Institute of Technology Sikkim', 'Tier 1', 'Public', 'Ravangla', 'Sikkim', 'NIT in scenic location with emerging engineering programs.', 92, 'https://www.nitsikkim.ac.in'),
(87, 'Indian Institute of Technology Roorkee', 'Tier 1', 'Public', 'Roorkee', 'Uttarakhand', 'Historic IIT with pioneering civil and mechanical programs.', 14, 'https://www.iitr.ac.in'),
(88, 'Motilal Nehru Regional Engineering College', 'Tier 1', 'Public', 'Allahabad', 'Uttar Pradesh', 'Government engineering college with strong regional reputation.', 50, 'https://www.mnrec.ac.in'),
(89, 'Yenepoya University', 'Tier 1', 'Private', 'Mangalore', 'Karnataka', 'Private university with healthcare and engineering programs.', 145, 'https://www.yenepoya.edu.in'),
(90, 'Dr. D.Y. Patil Institute of Technology', 'Tier 2', 'Private', 'Pune', 'Maharashtra', 'Private engineering institute with placement track record.', 135, 'https://www.dypatil.edu'),
(91, 'Jyothy Institute of Technology', 'Tier 2', 'Private', 'Bangalore', 'Karnataka', 'Private engineering college with industry connections.', 151, 'https://www.jyothyit.ac.in'),
(92, 'Vidyavardhini''s College of Engineering and Technology', 'Tier 2', 'Private', 'Mumbai', 'Maharashtra', 'Private engineering college in Mumbai metropolitan area.', 151, 'https://www.vcet.ac.in'),
(93, 'Nalanda Institute of Technology', 'Tier 2', 'Private', 'Bijnor', 'Uttar Pradesh', 'Private engineering institute with comprehensive programs.', 151, 'https://www.nit.ac.in'),
(94, 'Shobhit Institute of Engineering and Technology', 'Tier 2', 'Private', 'Meerut', 'Uttar Pradesh', 'Private institute with engineering and management focus.', 151, 'https://www.shobhituniversity.ac.in'),
(95, 'Engineering College Adjunct', 'Tier 2', 'Private', 'Thrissur', 'Kerala', 'Private engineering college in Kerala with local focus.', 151, 'https://www.eca.ac.in'),
(96, 'Cochin University of Science and Technology', 'Tier 1', 'Public', 'Cochin', 'Kerala', 'Public university with strong engineering programs.', 87, 'https://cusat.ac.in'),
(97, 'Anna University of Technology', 'Tier 1', 'Public', 'Chennai', 'Tamil Nadu', 'Major state university offering diverse engineering programs.', 50, 'https://www.annauniv.edu'),
(98, 'Biju Patnaik University of Technology', 'Tier 1', 'Public', 'Rourkela', 'Odisha', 'State technical university with affiliated colleges across Odisha.', 101, 'https://www.bput.ac.in'),
(99, 'Kerala University of Fisheries and Ocean Studies', 'Tier 2', 'Public', 'Kochi', 'Kerala', 'Specialized university for fisheries and ocean engineering.', 151, 'https://www.kufos.ac.in'),
(100, 'National Institute of Technology Nagpur', 'Tier 1', 'Public', 'Nagpur', 'Maharashtra', 'Major NIT with strong placements and academic reputation.', 37, 'https://www.nitnagpur.ac.in'),
(101, 'Kakatiya Institute of Technology and Science', 'Tier 3', 'Private', 'Warangal', 'Telangana', 'Private engineering college with merit-based admissions.', 170, 'https://www.kits.ac.in'),
(102, 'Institute of Aeronautical Engineering', 'Tier 3', 'Private', 'Hyderabad', 'Telangana', 'Private engineering college specialized in aerospace programs.', 165, 'https://www.iare.ac.in'),
(103, 'Malla Reddy Engineering College', 'Tier 3', 'Private', 'Hyderabad', 'Telangana', 'Private engineering college with diverse engineering branches.', 180, 'https://www.mrecollege.ac.in'),
(104, 'Sreenidhi Institute of Science and Technology', 'Tier 3', 'Private', 'Hyderabad', 'Telangana', 'Private engineering institute in Hyderabad region.', 175, 'https://www.sreenidhi.edu.in'),
(105, 'Sri Sai Ram Engineering College', 'Tier 3', 'Private', 'Chennai', 'Tamil Nadu', 'Private engineering college in Chennai metropolitan area.', 160, 'https://www.sairam.edu.in'),
(106, 'Meenakshi Academy of Higher Education', 'Tier 3', 'Private', 'Chennai', 'Tamil Nadu', 'Private engineering college with merit-based admissions.', 170, 'https://www.meenakshi.ac.in'),
(107, 'Sathyabama Institute of Science and Technology', 'Tier 3', 'Private', 'Chennai', 'Tamil Nadu', 'Private deemed institute with engineering programs.', 150, 'https://www.sathyabama.ac.in'),
(108, 'Vel Tech Rangarajan Dr. Sagunthala R&D Institute', 'Tier 3', 'Private', 'Chennai', 'Tamil Nadu', 'Private engineering college in Chennai with diverse programs.', 160, 'https://www.veltech.edu.in'),
(109, 'Saveetha Institute of Medical and Technical Sciences', 'Tier 3', 'Private', 'Chennai', 'Tamil Nadu', 'Private institute with engineering and medical programs.', 155, 'https://www.saveetha.ac.in'),
(110, 'Dr. M.G.R. Educational and Research Institute', 'Tier 3', 'Private', 'Chennai', 'Tamil Nadu', 'Private deemed university with engineering programs.', 165, 'https://www.drmgrdu.ac.in'),
(111, 'K.Ramakrishnan College of Engineering', 'Tier 3', 'Private', 'Trichy', 'Tamil Nadu', 'Private engineering college in Trichy.', 175, 'https://www.krcce.ac.in'),
(112, 'Anna University Regional Campus', 'Tier 3', 'Public', 'Tirunelveli', 'Tamil Nadu', 'Government engineering college under Anna University.', 170, 'https://www.aurc.tnau.ac.in'),
(113, 'Hindusthan Institute of Technology', 'Tier 3', 'Private', 'Coimbatore', 'Tamil Nadu', 'Private engineering college with regular admissions.', 180, 'https://www.hindusthan.ac.in'),
(114, 'Karpagam Academy of Higher Education', 'Tier 3', 'Private', 'Coimbatore', 'Tamil Nadu', 'Private deemed university with engineering college.', 160, 'https://www.kahedu.edu.in'),
(115, 'Excel Engineering College', 'Tier 3', 'Private', 'Namakkal', 'Tamil Nadu', 'Private engineering college with merit-based selections.', 175, 'https://www.excelengineering.com'),
(116, 'Sri Eshwar College of Engineering', 'Tier 3', 'Private', 'Coimbatore', 'Tamil Nadu', 'Private engineering institute in Coimbatore region.', 180, 'https://www.srieshwar.ac.in'),
(117, 'Kumaraguru Institute of Technology', 'Tier 3', 'Private', 'Coimbatore', 'Tamil Nadu', 'Private engineering college with regular admission routes.', 175, 'https://www.kiot.ac.in'),
(118, 'Sri Ramakrishna Engineering College', 'Tier 3', 'Private', 'Coimbatore', 'Tamil Nadu', 'Private engineering college with diverse specializations.', 170, 'https://www.srec.ac.in'),
(119, 'Jawahar Engineering College', 'Tier 3', 'Private', 'Bangalore', 'Karnataka', 'Private engineering college in Bangalore.', 175, 'https://www.jecblr.edu.in'),
(120, 'Siddaganga Institute of Technology', 'Tier 3', 'Private', 'Tumkur', 'Karnataka', 'Private engineering college with established reputation.', 165, 'https://www.sit.ac.in'),
(121, 'Sharnbasva University', 'Tier 3', 'Private', 'Kalaburagi', 'Karnataka', 'Private university with engineering programs.', 180, 'https://www.sharnbasva.ac.in'),
(122, 'Ballari Institute of Technology and Management', 'Tier 3', 'Private', 'Bellary', 'Karnataka', 'Private engineering college in Bellary region.', 175, 'https://www.bitm.ac.in'),
(123, 'Atria Institute of Technology', 'Tier 3', 'Private', 'Bangalore', 'Karnataka', 'Private engineering college with regular admission structure.', 170, 'https://www.atria.edu'),
(124, 'Rajeev Institute of Technology', 'Tier 3', 'Private', 'Bangalore', 'Karnataka', 'Private engineering college in Bangalore area.', 175, 'https://www.ritblr.ac.in'),
(125, 'MIT World Peace University', 'Tier 3', 'Private', 'Pune', 'Maharashtra', 'Private university with engineering programs.', 160, 'https://www.mitwpu.edu.in'),
(126, 'Smt. Kashibai Navale College of Engineering', 'Tier 3', 'Private', 'Pune', 'Maharashtra', 'Private engineering college in Pune.', 165, 'https://www.sknce.ac.in'),
(127, 'Symbiosis Institute of Technology', 'Tier 3', 'Private', 'Pune', 'Maharashtra', 'Private engineering institute under Symbiosis.', 155, 'https://www.sitpune.edu.in'),
(128, 'Marathwada Institute of Technology', 'Tier 3', 'Private', 'Aurangabad', 'Maharashtra', 'Private engineering college in Aurangabad.', 180, 'https://www.mitech.ac.in'),
(129, 'Rashtrasant Tukdoji Maharaj Nagpur University', 'Tier 3', 'Public', 'Nagpur', 'Maharashtra', 'State university with affiliated engineering colleges.', 175, 'https://www.rtmnu.ac.in'),
(130, 'K.D. College of Engineering', 'Tier 3', 'Private', 'Nashik', 'Maharashtra', 'Private engineering college in Nashik.', 170, 'https://www.kdce.ac.in'),
(131, 'Ramrao Adik Institute of Technology', 'Tier 3', 'Private', 'Navi Mumbai', 'Maharashtra', 'Private engineering college near Mumbai.', 165, 'https://www.rait.ac.in'),
(132, 'Vishwakarma Institute of Technology', 'Tier 3', 'Private', 'Pune', 'Maharashtra', 'Private engineering institute with technical focus.', 160, 'https://www.vit-pune.ac.in'),
(133, 'Shridevi Institute of Engineering and Technology', 'Tier 3', 'Private', 'Surat', 'Gujarat', 'Private engineering college in Surat.', 175, 'https://www.siet.ac.in'),
(134, 'Parul Institute of Engineering and Technology', 'Tier 3', 'Private', 'Vadodara', 'Gujarat', 'Private engineering college under Parul University.', 165, 'https://www.paruluniversity.ac.in'),
(135, 'Silver Oak College of Engineering', 'Tier 3', 'Private', 'Ahmedabad', 'Gujarat', 'Private engineering college in Ahmedabad.', 170, 'https://www.silveroak.ac.in'),
(136, 'Marwadi University', 'Tier 3', 'Private', 'Rajkot', 'Gujarat', 'Private university with engineering and technical programs.', 175, 'https://www.marwadiuniversity.ac.in'),
(137, 'LJ Institute of Engineering and Technology', 'Tier 3', 'Private', 'Ahmedabad', 'Gujarat', 'Private engineering college with merit admissions.', 170, 'https://www.ljinstitute.edu.in'),
(138, 'SCET Surat', 'Tier 3', 'Private', 'Surat', 'Gujarat', 'Private engineering college in Gujarat.', 175, 'https://www.scet.ac.in'),
(139, 'Chandigarh College of Engineering and Technology', 'Tier 3', 'Private', 'Chandigarh', 'Chandigarh', 'Private engineering college in Chandigarh.', 170, 'https://www.ccet.ac.in'),
(140, 'GNA University', 'Tier 3', 'Private', 'Phagwara', 'Punjab', 'Private university with engineering programs.', 165, 'https://www.gnauniversity.edu.in'),
(141, 'Amritsar College of Engineering and Technology', 'Tier 3', 'Private', 'Amritsar', 'Punjab', 'Private engineering college in Punjab.', 175, 'https://www.acet.ac.in'),
(142, 'Aryabhatta College of Engineering and Research Center', 'Tier 3', 'Private', 'Ghaziabad', 'Uttar Pradesh', 'Private engineering college near Delhi.', 170, 'https://www.acerc.in'),
(143, 'Raj Kumar Goel Institute of Technology', 'Tier 3', 'Private', 'Ghaziabad', 'Uttar Pradesh', 'Private engineering college in Ghaziabad.', 175, 'https://www.rkit.ac.in'),
(144, 'Gautam Buddha University', 'Tier 3', 'Central', 'Noida', 'Uttar Pradesh', 'Central university with engineering programs.', 160, 'https://www.gbu.ac.in'),
(145, 'Mahatma Jyotiba Phule Rohilkhand University', 'Tier 3', 'Public', 'Bareilly', 'Uttar Pradesh', 'State university with affiliated engineering colleges.', 175, 'https://www.mjpru.ac.in'),
(146, 'Rajasthan Technical University Affiliated Colleges', 'Tier 3', 'Public', 'Kota', 'Rajasthan', 'Government engineering colleges under RTU.', 170, 'https://www.rtu.ac.in'),
(147, 'Suresh Gyan Vihar University', 'Tier 3', 'Private', 'Jaipur', 'Rajasthan', 'Private university with engineering programs.', 165, 'https://www.sgu.ac.in'),
(148, 'Arya Institute of Engineering and Technology', 'Tier 3', 'Private', 'Jaipur', 'Rajasthan', 'Private engineering college in Jaipur.', 175, 'https://www.arya.ac.in'),
(149, 'Banasthali Vidyapith', 'Tier 3', 'Private', 'Banasthali', 'Rajasthan', 'Private university with engineering for women focus.', 150, 'https://www.banasthali.ac.in'),
(150, 'Banaras Hindu University', 'Tier 3', 'Central', 'Varanasi', 'Uttar Pradesh', 'Central university with engineering programs.', 130, 'https://www.bhu.ac.in');

INSERT INTO courses (course_id, college_id, course_name, duration_years, total_fee, annual_fee, intake_capacity) VALUES
(1, 1, 'B.Tech Computer Science and Engineering', 4.0, 1000000.00, 250000.00, 160),
(2, 1, 'B.Tech Electrical Engineering', 4.0, 960000.00, 240000.00, 120),
(3, 2, 'B.Tech Computer Science and Engineering', 4.0, 720000.00, 180000.00, 120),
(4, 2, 'B.Tech Mechanical Engineering', 4.0, 680000.00, 170000.00, 120),
(5, 3, 'B.E Electronics and Communication Engineering', 4.0, 260000.00, 65000.00, 120),
(6, 3, 'B.E Information Technology', 4.0, 260000.00, 65000.00, 120),
(7, 4, 'B.E Mechanical Engineering', 4.0, 240000.00, 60000.00, 120),
(8, 4, 'B.E Civil Engineering', 4.0, 240000.00, 60000.00, 120),
(9, 5, 'B.E Computer Science and Engineering', 4.0, 480000.00, 120000.00, 180),
(10, 5, 'B.E Electrical and Electronics Engineering', 4.0, 440000.00, 110000.00, 120),
(11, 6, 'B.Tech Computer Science and Engineering', 4.0, 940000.00, 235000.00, 180),
(12, 6, 'B.Tech Biotechnology', 4.0, 800000.00, 200000.00, 120),
(13, 7, 'B.Tech Computer Science and Engineering', 4.0, 1000000.00, 250000.00, 240),
(14, 7, 'B.Tech Biomedical Engineering', 4.0, 880000.00, 220000.00, 120),
(15, 8, 'B.E Computer Science and Engineering', 4.0, 520000.00, 130000.00, 120),
(16, 8, 'B.E Electronics and Communication Engineering', 4.0, 480000.00, 120000.00, 120),
(17, 9, 'B.Tech Computer Science and Engineering', 4.0, 360000.00, 90000.00, 120),
(18, 9, 'B.Tech Mechatronics Engineering', 4.0, 340000.00, 85000.00, 60),
(19, 10, 'B.E Computer Science and Engineering', 4.0, 280000.00, 70000.00, 120),
(20, 10, 'B.E Mechanical Engineering', 4.0, 260000.00, 65000.00, 120),
(21, 11, 'B.E Computer Science and Engineering', 4.0, 500000.00, 125000.00, 120),
(22, 11, 'B.E Artificial Intelligence and Data Science', 4.0, 520000.00, 130000.00, 120),
(23, 12, 'B.Tech Computer Science and Engineering', 4.0, 1160000.00, 290000.00, 180),
(24, 12, 'B.Tech Electronics and Communication Engineering', 4.0, 1100000.00, 275000.00, 120),
(25, 13, 'B.Tech Computer Science and Engineering', 4.0, 180000.00, 45000.00, 60),
(26, 13, 'B.Tech Civil Engineering', 4.0, 160000.00, 40000.00, 60),
(27, 14, 'B.E Aeronautical Engineering', 4.0, 240000.00, 60000.00, 60),
(28, 14, 'B.E Computer Science and Engineering', 4.0, 280000.00, 70000.00, 120),
(29, 15, 'B.E Computer Science and Engineering', 4.0, 2400000.00, 600000.00, 120),
(30, 15, 'B.E Electrical and Electronics Engineering', 4.0, 2400000.00, 600000.00, 120),
(31, 16, 'B.Tech Computer Science and Engineering', 4.0, 920000.00, 230000.00, 120),
(32, 16, 'B.Tech Mechanical Engineering', 4.0, 800000.00, 200000.00, 120),
(33, 17, 'B.E Computer Science and Engineering', 4.0, 48000.00, 12000.00, 60),
(34, 17, 'B.E Electronics and Communication Engineering', 4.0, 48000.00, 12000.00, 60),
(35, 18, 'B.Tech Computer Science and Engineering', 4.0, 1700000.00, 425000.00, 180),
(36, 18, 'B.Tech Mechatronics Engineering', 4.0, 1500000.00, 375000.00, 120),
(37, 19, 'B.E Computer Science and Engineering', 4.0, 1000000.00, 250000.00, 180),
(38, 19, 'B.E Electronics and Communication Engineering', 4.0, 960000.00, 240000.00, 120),
(39, 20, 'B.E Computer Science and Engineering', 4.0, 1080000.00, 270000.00, 180),
(40, 20, 'B.E Artificial Intelligence and Machine Learning', 4.0, 1040000.00, 260000.00, 120),
(41, 21, 'B.E Computer Science and Engineering', 4.0, 960000.00, 240000.00, 180),
(42, 21, 'B.E Electronics and Communication Engineering', 4.0, 920000.00, 230000.00, 120),
(43, 22, 'B.Tech Computer Science and Engineering', 4.0, 2000000.00, 500000.00, 180),
(44, 22, 'B.Tech Electronics and Communication Engineering', 4.0, 1800000.00, 450000.00, 120),
(45, 23, 'B.E Computer Science and Engineering', 4.0, 720000.00, 180000.00, 180),
(46, 23, 'B.E Aerospace Engineering', 4.0, 640000.00, 160000.00, 60),
(47, 24, 'B.Tech Computer Science and Engineering', 4.0, 1400000.00, 350000.00, 120),
(48, 24, 'B.Tech Mechanical Engineering', 4.0, 1200000.00, 300000.00, 120),
(49, 25, 'B.Tech Computer Science and Engineering', 4.0, 340000.00, 85000.00, 120),
(50, 25, 'B.Tech Electrical Engineering', 4.0, 320000.00, 80000.00, 120),
(51, 26, 'B.Tech Computer Science and Engineering', 4.0, 600000.00, 150000.00, 120),
(52, 26, 'B.Tech Civil Engineering', 4.0, 560000.00, 140000.00, 120),
(53, 27, 'B.Tech Computer Science and Engineering', 4.0, 2000000.00, 500000.00, 100),
(54, 27, 'B.Tech Electronics and Communication Engineering', 4.0, 2000000.00, 500000.00, 60),
(55, 28, 'B.Tech Computer Science and Engineering', 4.0, 1000000.00, 250000.00, 100),
(56, 28, 'B.Tech Electrical Engineering', 4.0, 960000.00, 240000.00, 100),
(57, 29, 'B.Tech Computer Science and Engineering', 4.0, 1000000.00, 250000.00, 100),
(58, 29, 'B.Tech Mechanical Engineering', 4.0, 960000.00, 240000.00, 100),
(59, 30, 'B.Tech Computer Science and Engineering', 4.0, 720000.00, 180000.00, 120),
(60, 30, 'B.Tech Electronics and Communication Engineering', 4.0, 700000.00, 175000.00, 120),
(61, 31, 'B.Tech Computer Science and Engineering', 4.0, 700000.00, 175000.00, 120),
(62, 31, 'B.Tech Information Technology', 4.0, 680000.00, 170000.00, 120),
(63, 32, 'B.Tech Computer Science and Engineering', 4.0, 160000.00, 40000.00, 120),
(64, 32, 'B.Tech Electrical and Electronics Engineering', 4.0, 160000.00, 40000.00, 120),
(65, 33, 'B.Tech Computer Science and Engineering', 4.0, 200000.00, 50000.00, 120),
(66, 33, 'B.Tech Electronics and Communication Engineering', 4.0, 200000.00, 50000.00, 120),
(67, 34, 'B.Tech Computer Science and Engineering', 4.0, 1200000.00, 300000.00, 180),
(68, 34, 'B.Tech Electronics and Communication Engineering', 4.0, 1120000.00, 280000.00, 120),
(69, 35, 'B.Tech Computer Science and Engineering', 4.0, 1200000.00, 300000.00, 120),
(70, 35, 'B.Tech Biotechnology', 4.0, 1000000.00, 250000.00, 60),
(71, 36, 'B.Tech Computer Science and Engineering', 4.0, 1440000.00, 360000.00, 120),
(72, 36, 'B.Tech Mechatronics Engineering', 4.0, 1280000.00, 320000.00, 60),
(73, 37, 'B.Tech Computer Science and Engineering', 4.0, 940000.00, 235000.00, 180),
(74, 37, 'B.Tech Electronics and Communication Engineering', 4.0, 900000.00, 225000.00, 120),
(75, 38, 'B.Tech Computer Science and Engineering', 4.0, 720000.00, 180000.00, 120),
(76, 38, 'B.Tech Mechanical Engineering', 4.0, 680000.00, 170000.00, 120),
(77, 39, 'B.Tech Computer Science and Engineering', 4.0, 1000000.00, 250000.00, 120),
(78, 39, 'B.Tech Electrical Engineering', 4.0, 980000.00, 245000.00, 120),
(79, 40, 'B.Tech Computer Science and Engineering', 4.0, 720000.00, 180000.00, 120),
(80, 40, 'B.Tech Electronics and Communication Engineering', 4.0, 700000.00, 175000.00, 120),
(81, 41, 'B.Tech Computer Science and Engineering', 4.0, 620000.00, 155000.00, 120),
(82, 41, 'B.Tech Electronics and Communication Engineering', 4.0, 580000.00, 145000.00, 120),
(83, 42, 'B.E Computer Science and Engineering', 4.0, 480000.00, 120000.00, 180),
(84, 42, 'B.E Electronics and Communication Engineering', 4.0, 440000.00, 110000.00, 120),
(85, 43, 'B.E Computer Science and Engineering', 4.0, 460000.00, 115000.00, 180),
(86, 43, 'B.E Artificial Intelligence and Data Science', 4.0, 500000.00, 125000.00, 120),
(87, 44, 'B.Tech Computer Science and Engineering', 4.0, 1800000.00, 450000.00, 120),
(88, 44, 'B.Tech Computer Science and Business Systems', 4.0, 1700000.00, 425000.00, 60),
(89, 45, 'B.E Computer Science and Engineering', 4.0, 520000.00, 130000.00, 180),
(90, 45, 'B.E Electrical and Electronics Engineering', 4.0, 480000.00, 120000.00, 150),
(91, 46, 'B.Tech Computer Science and Engineering', 4.0, 660000.00, 165000.00, 160),
(92, 46, 'B.Tech Information Technology', 4.0, 640000.00, 160000.00, 120),
(93, 47, 'B.Tech Computer Science and Engineering', 4.0, 720000.00, 180000.00, 150),
(94, 47, 'B.Tech Electronics and Communication Engineering', 4.0, 680000.00, 170000.00, 120),
(95, 48, 'B.Tech Information Technology', 4.0, 1200000.00, 300000.00, 180),
(96, 48, 'B.Tech Electrical Engineering', 4.0, 1100000.00, 275000.00, 150),
(97, 49, 'B.Tech Civil Engineering', 4.0, 960000.00, 240000.00, 120),
(98, 49, 'B.Tech Mechanical Engineering', 4.0, 920000.00, 230000.00, 150),
(99, 50, 'B.Tech Computer Science and Engineering', 4.0, 880000.00, 220000.00, 200),
(100, 50, 'B.Tech Mechanical Engineering', 4.0, 840000.00, 210000.00, 180),
(101, 51, 'B.Tech Electrical Engineering', 4.0, 800000.00, 200000.00, 160),
(102, 51, 'B.Tech Civil Engineering', 4.0, 760000.00, 190000.00, 140),
(103, 52, 'B.Tech Petroleum Engineering', 4.0, 1400000.00, 350000.00, 100),
(104, 52, 'B.Tech Energy Engineering', 4.0, 1350000.00, 337500.00, 80),
(105, 53, 'B.Tech Computer Science and Engineering', 4.0, 600000.00, 150000.00, 180),
(106, 53, 'B.Tech Civil Engineering', 4.0, 560000.00, 140000.00, 120),
(107, 54, 'B.Tech Electrical Engineering', 4.0, 640000.00, 160000.00, 150),
(108, 54, 'B.Tech Mechanical Engineering', 4.0, 600000.00, 150000.00, 140),
(109, 55, 'B.Tech Computer Science and Engineering', 4.0, 720000.00, 180000.00, 160),
(110, 55, 'B.Tech Metallurgical Engineering', 4.0, 680000.00, 170000.00, 100),
(111, 56, 'B.Tech Civil Engineering', 4.0, 520000.00, 130000.00, 120),
(112, 56, 'B.Tech Electrical Engineering', 4.0, 540000.00, 135000.00, 100),
(113, 57, 'B.Tech Computer Science and Engineering', 4.0, 480000.00, 120000.00, 140),
(114, 57, 'B.Tech Electronics and Communication Engineering', 4.0, 450000.00, 112500.00, 120),
(115, 58, 'B.Tech Information Technology', 4.0, 560000.00, 140000.00, 150),
(116, 58, 'B.Tech Mechanical Engineering', 4.0, 520000.00, 130000.00, 130),
(117, 59, 'B.Tech Computer Science and Engineering', 4.0, 800000.00, 200000.00, 200),
(118, 59, 'B.Tech Electronics and Communication Engineering', 4.0, 760000.00, 190000.00, 150),
(119, 60, 'B.Tech Information Technology', 4.0, 680000.00, 170000.00, 180),
(120, 60, 'B.Tech Electrical and Electronics Engineering', 4.0, 640000.00, 160000.00, 160),
(121, 61, 'B.Tech Information Technology', 4.0, 1000000.00, 250000.00, 120),
(122, 61, 'B.Tech Computer Science and Engineering', 4.0, 1100000.00, 275000.00, 100),
(123, 62, 'B.Tech Civil Engineering', 4.0, 320000.00, 80000.00, 90),
(124, 62, 'B.Tech Electrical Engineering', 4.0, 340000.00, 85000.00, 80),
(125, 63, 'B.Tech Mechanical Engineering', 4.0, 620000.00, 155000.00, 130),
(126, 63, 'B.Tech Computer Science and Engineering', 4.0, 680000.00, 170000.00, 160),
(127, 64, 'B.Tech Computer Science and Engineering', 4.0, 900000.00, 225000.00, 140),
(128, 64, 'B.Tech Electronics and Communication Engineering', 4.0, 840000.00, 210000.00, 120),
(129, 65, 'B.Tech Information Technology', 4.0, 880000.00, 220000.00, 180),
(130, 65, 'B.Tech Mechanical Engineering', 4.0, 820000.00, 205000.00, 150),
(131, 66, 'B.Tech Civil Engineering', 4.0, 560000.00, 140000.00, 100),
(132, 66, 'B.Tech Computer Science and Engineering', 4.0, 640000.00, 160000.00, 120),
(133, 67, 'B.Tech Information Technology', 4.0, 720000.00, 180000.00, 140),
(134, 67, 'B.Tech Mechanical Engineering', 4.0, 680000.00, 170000.00, 120),
(135, 68, 'B.Tech Computer Science and Engineering', 4.0, 1100000.00, 275000.00, 150),
(136, 68, 'B.Tech Electronics and Communication Engineering', 4.0, 1000000.00, 250000.00, 120),
(137, 69, 'B.Tech Mechanical Engineering', 4.0, 680000.00, 170000.00, 140),
(138, 69, 'B.Tech Civil Engineering', 4.0, 640000.00, 160000.00, 120),
(139, 70, 'B.Tech Information Technology', 4.0, 720000.00, 180000.00, 150),
(140, 70, 'B.Tech Electrical Engineering', 4.0, 680000.00, 170000.00, 130),
(141, 71, 'B.Tech Computer Science and Engineering', 4.0, 900000.00, 225000.00, 160),
(142, 71, 'B.Tech Electronics and Communication Engineering', 4.0, 840000.00, 210000.00, 140),
(143, 72, 'B.Tech Computer Science and Engineering', 4.0, 800000.00, 200000.00, 150),
(144, 72, 'B.Tech Electronics and Communication Engineering', 4.0, 760000.00, 190000.00, 120),
(145, 73, 'B.Tech Electrical Engineering', 4.0, 920000.00, 230000.00, 100),
(146, 73, 'B.Tech Information Technology', 4.0, 1000000.00, 250000.00, 120),
(147, 74, 'B.Tech Computer Science and Engineering', 4.0, 560000.00, 140000.00, 140),
(148, 74, 'B.Tech Mechanical Engineering', 4.0, 520000.00, 130000.00, 120),
(149, 75, 'B.Tech Information Technology', 4.0, 720000.00, 180000.00, 160),
(150, 75, 'B.Tech Electrical Engineering', 4.0, 680000.00, 170000.00, 140),
(151, 76, 'B.Tech Computer Science and Engineering', 4.0, 680000.00, 170000.00, 150),
(152, 76, 'B.Tech Civil Engineering', 4.0, 620000.00, 155000.00, 120),
(153, 77, 'B.Tech Information Technology', 4.0, 480000.00, 120000.00, 120),
(154, 77, 'B.Tech Mechanical Engineering', 4.0, 440000.00, 110000.00, 100),
(155, 78, 'B.Tech Computer Science and Engineering', 4.0, 760000.00, 190000.00, 160),
(156, 78, 'B.Tech Electronics and Communication Engineering', 4.0, 700000.00, 175000.00, 140),
(157, 79, 'B.Tech Civil Engineering', 4.0, 440000.00, 110000.00, 110),
(158, 79, 'B.Tech Computer Science and Engineering', 4.0, 520000.00, 130000.00, 140),
(159, 80, 'B.Tech Electrical Engineering', 4.0, 480000.00, 120000.00, 120),
(160, 80, 'B.Tech Computer Science and Engineering', 4.0, 560000.00, 140000.00, 140),
(161, 81, 'B.Tech Information Technology', 4.0, 840000.00, 210000.00, 150),
(162, 81, 'B.Tech Computer Science and Engineering', 4.0, 920000.00, 230000.00, 170),
(163, 82, 'B.Tech Electrical Engineering', 4.0, 720000.00, 180000.00, 120),
(164, 82, 'B.Tech Computer Science and Engineering', 4.0, 800000.00, 200000.00, 140),
(165, 83, 'B.Tech Civil Engineering', 4.0, 360000.00, 90000.00, 100),
(166, 83, 'B.Tech Electrical Engineering', 4.0, 380000.00, 95000.00, 80),
(167, 84, 'B.Tech Information Technology', 4.0, 420000.00, 105000.00, 100),
(168, 84, 'B.Tech Mechanical Engineering', 4.0, 400000.00, 100000.00, 80),
(169, 85, 'B.Tech Computer Science and Engineering', 4.0, 760000.00, 190000.00, 180),
(170, 85, 'B.Tech Electrical Engineering', 4.0, 720000.00, 180000.00, 150),
(171, 86, 'B.Tech Information Technology', 4.0, 500000.00, 125000.00, 100),
(172, 86, 'B.Tech Civil Engineering', 4.0, 460000.00, 115000.00, 80),
(173, 87, 'B.Tech Civil Engineering', 4.0, 880000.00, 220000.00, 160),
(174, 87, 'B.Tech Mechanical Engineering', 4.0, 840000.00, 210000.00, 140),
(175, 88, 'B.Tech Computer Science and Engineering', 4.0, 680000.00, 170000.00, 140),
(176, 88, 'B.Tech Electrical Engineering', 4.0, 640000.00, 160000.00, 120),
(177, 89, 'B.Tech Computer Science and Engineering', 4.0, 1000000.00, 250000.00, 150),
(178, 89, 'B.Tech Information Technology', 4.0, 920000.00, 230000.00, 130),
(179, 90, 'B.Tech Mechanical Engineering', 4.0, 640000.00, 160000.00, 130),
(180, 90, 'B.Tech Electronics and Communication Engineering', 4.0, 600000.00, 150000.00, 110),
(181, 91, 'B.Tech Information Technology', 4.0, 560000.00, 140000.00, 120),
(182, 91, 'B.Tech Computer Science and Engineering', 4.0, 600000.00, 150000.00, 140),
(183, 92, 'B.Tech Computer Science and Engineering', 4.0, 680000.00, 170000.00, 140),
(184, 92, 'B.Tech Mechanical Engineering', 4.0, 640000.00, 160000.00, 120),
(185, 93, 'B.Tech Information Technology', 4.0, 520000.00, 130000.00, 130),
(186, 93, 'B.Tech Civil Engineering', 4.0, 480000.00, 120000.00, 110),
(187, 94, 'B.Tech Computer Science and Engineering', 4.0, 560000.00, 140000.00, 140),
(188, 94, 'B.Tech Electrical Engineering', 4.0, 520000.00, 130000.00, 120),
(189, 95, 'B.Tech Mechanical Engineering', 4.0, 480000.00, 120000.00, 100),
(190, 95, 'B.Tech Information Technology', 4.0, 520000.00, 130000.00, 120),
(191, 96, 'B.Tech Computer Science and Engineering', 4.0, 760000.00, 190000.00, 150),
(192, 96, 'B.Tech Civil Engineering', 4.0, 720000.00, 180000.00, 130),
(193, 97, 'B.Tech Electrical Engineering', 4.0, 640000.00, 160000.00, 140),
(194, 97, 'B.Tech Information Technology', 4.0, 720000.00, 180000.00, 160),
(195, 98, 'B.Tech Mechanical Engineering', 4.0, 680000.00, 170000.00, 130),
(196, 98, 'B.Tech Civil Engineering', 4.0, 640000.00, 160000.00, 120),
(197, 99, 'B.Tech Information Technology', 4.0, 560000.00, 140000.00, 120),
(198, 99, 'B.Tech Computer Science and Engineering', 4.0, 600000.00, 150000.00, 140),
(199, 100, 'B.Tech Mechanical Engineering', 4.0, 720000.00, 180000.00, 150),
(200, 100, 'B.Tech Electrical Engineering', 4.0, 680000.00, 170000.00, 130),
(201, 101, 'B.Tech Computer Science and Engineering', 4.0, 380000.00, 95000.00, 100),
(202, 101, 'B.Tech Information Technology', 4.0, 360000.00, 90000.00, 80),
(203, 102, 'B.Tech Aerospace Engineering', 4.0, 420000.00, 105000.00, 60),
(204, 102, 'B.Tech Computer Science and Engineering', 4.0, 400000.00, 100000.00, 80),
(205, 103, 'B.Tech Computer Science and Engineering', 4.0, 350000.00, 87500.00, 100),
(206, 103, 'B.Tech Civil Engineering', 4.0, 320000.00, 80000.00, 80),
(207, 104, 'B.Tech Information Technology', 4.0, 380000.00, 95000.00, 90),
(208, 104, 'B.Tech Mechanical Engineering', 4.0, 360000.00, 90000.00, 80),
(209, 105, 'B.Tech Computer Science and Engineering', 4.0, 400000.00, 100000.00, 100),
(210, 105, 'B.Tech Information Technology', 4.0, 380000.00, 95000.00, 90),
(211, 106, 'B.Tech Computer Science and Engineering', 4.0, 380000.00, 95000.00, 90),
(212, 106, 'B.Tech Electrical Engineering', 4.0, 360000.00, 90000.00, 80),
(213, 107, 'B.Tech Information Technology', 4.0, 420000.00, 105000.00, 100),
(214, 107, 'B.Tech Biomedical Engineering', 4.0, 400000.00, 100000.00, 70),
(215, 108, 'B.Tech Computer Science and Engineering', 4.0, 400000.00, 100000.00, 100),
(216, 108, 'B.Tech Mechanical Engineering', 4.0, 380000.00, 95000.00, 80),
(217, 109, 'B.Tech Information Technology', 4.0, 420000.00, 105000.00, 80),
(218, 109, 'B.Tech Biomedical Engineering', 4.0, 400000.00, 100000.00, 60),
(219, 110, 'B.Tech Computer Science and Engineering', 4.0, 420000.00, 105000.00, 90),
(220, 110, 'B.Tech Civil Engineering', 4.0, 380000.00, 95000.00, 80),
(221, 111, 'B.Tech Computer Science and Engineering', 4.0, 360000.00, 90000.00, 80),
(222, 111, 'B.Tech Mechanical Engineering', 4.0, 340000.00, 85000.00, 70),
(223, 112, 'B.Tech Civil Engineering', 4.0, 320000.00, 80000.00, 70),
(224, 112, 'B.Tech Mechanical Engineering', 4.0, 300000.00, 75000.00, 60),
(225, 113, 'B.Tech Computer Science and Engineering', 4.0, 380000.00, 95000.00, 90),
(226, 113, 'B.Tech Information Technology', 4.0, 360000.00, 90000.00, 80),
(227, 114, 'B.Tech Computer Science and Engineering', 4.0, 400000.00, 100000.00, 100),
(228, 114, 'B.Tech Electrical Engineering', 4.0, 380000.00, 95000.00, 80),
(229, 115, 'B.Tech Information Technology', 4.0, 340000.00, 85000.00, 80),
(230, 115, 'B.Tech Mechanical Engineering', 4.0, 320000.00, 80000.00, 70),
(231, 116, 'B.Tech Computer Science and Engineering', 4.0, 360000.00, 90000.00, 90),
(232, 116, 'B.Tech Civil Engineering', 4.0, 340000.00, 85000.00, 70),
(233, 117, 'B.Tech Information Technology', 4.0, 380000.00, 95000.00, 100),
(234, 117, 'B.Tech Computer Science and Engineering', 4.0, 360000.00, 90000.00, 80),
(235, 118, 'B.Tech Electrical Engineering', 4.0, 380000.00, 95000.00, 80),
(236, 118, 'B.Tech Mechanical Engineering', 4.0, 360000.00, 90000.00, 70),
(237, 119, 'B.Tech Computer Science and Engineering', 4.0, 380000.00, 95000.00, 90),
(238, 119, 'B.Tech Information Technology', 4.0, 360000.00, 90000.00, 80),
(239, 120, 'B.Tech Computer Science and Engineering', 4.0, 360000.00, 90000.00, 80),
(240, 120, 'B.Tech Electronics and Communication Engineering', 4.0, 340000.00, 85000.00, 70),
(241, 121, 'B.Tech Information Technology', 4.0, 380000.00, 95000.00, 90),
(242, 121, 'B.Tech Mechanical Engineering', 4.0, 360000.00, 90000.00, 80),
(243, 122, 'B.Tech Computer Science and Engineering', 4.0, 360000.00, 90000.00, 80),
(244, 122, 'B.Tech Civil Engineering', 4.0, 340000.00, 85000.00, 70),
(245, 123, 'B.Tech Information Technology', 4.0, 400000.00, 100000.00, 100),
(246, 123, 'B.Tech Electrical Engineering', 4.0, 380000.00, 95000.00, 80),
(247, 124, 'B.Tech Computer Science and Engineering', 4.0, 380000.00, 95000.00, 90),
(248, 124, 'B.Tech Mechanical Engineering', 4.0, 360000.00, 90000.00, 80),
(249, 125, 'B.Tech Information Technology', 4.0, 420000.00, 105000.00, 100),
(250, 125, 'B.Tech Computer Science and Engineering', 4.0, 400000.00, 100000.00, 90),
(251, 126, 'B.Tech Mechanical Engineering', 4.0, 380000.00, 95000.00, 80),
(252, 126, 'B.Tech Computer Science and Engineering', 4.0, 400000.00, 100000.00, 100),
(253, 127, 'B.Tech Information Technology', 4.0, 420000.00, 105000.00, 90),
(254, 127, 'B.Tech Electronics and Communication Engineering', 4.0, 400000.00, 100000.00, 80),
(255, 128, 'B.Tech Computer Science and Engineering', 4.0, 380000.00, 95000.00, 80),
(256, 128, 'B.Tech Mechanical Engineering', 4.0, 360000.00, 90000.00, 70),
(257, 129, 'B.Tech Civil Engineering', 4.0, 320000.00, 80000.00, 70),
(258, 129, 'B.Tech Information Technology', 4.0, 380000.00, 95000.00, 80),
(259, 130, 'B.Tech Computer Science and Engineering', 4.0, 360000.00, 90000.00, 80),
(260, 130, 'B.Tech Electrical Engineering', 4.0, 340000.00, 85000.00, 70),
(261, 131, 'B.Tech Information Technology', 4.0, 400000.00, 100000.00, 100),
(262, 131, 'B.Tech Computer Science and Engineering', 4.0, 380000.00, 95000.00, 90),
(263, 132, 'B.Tech Computer Science and Engineering', 4.0, 420000.00, 105000.00, 100),
(264, 132, 'B.Tech Electronics and Communication Engineering', 4.0, 400000.00, 100000.00, 80),
(265, 133, 'B.Tech Information Technology', 4.0, 380000.00, 95000.00, 90),
(266, 133, 'B.Tech Mechanical Engineering', 4.0, 360000.00, 90000.00, 80),
(267, 134, 'B.Tech Computer Science and Engineering', 4.0, 400000.00, 100000.00, 100),
(268, 134, 'B.Tech Information Technology', 4.0, 380000.00, 95000.00, 80),
(269, 135, 'B.Tech Computer Science and Engineering', 4.0, 360000.00, 90000.00, 80),
(270, 135, 'B.Tech Civil Engineering', 4.0, 340000.00, 85000.00, 70),
(271, 136, 'B.Tech Information Technology', 4.0, 380000.00, 95000.00, 90),
(272, 136, 'B.Tech Electrical Engineering', 4.0, 360000.00, 90000.00, 80),
(273, 137, 'B.Tech Computer Science and Engineering', 4.0, 400000.00, 100000.00, 100),
(274, 137, 'B.Tech Mechanical Engineering', 4.0, 380000.00, 95000.00, 80),
(275, 138, 'B.Tech Information Technology', 4.0, 380000.00, 95000.00, 90),
(276, 138, 'B.Tech Civil Engineering', 4.0, 360000.00, 90000.00, 80),
(277, 139, 'B.Tech Computer Science and Engineering', 4.0, 360000.00, 90000.00, 80),
(278, 139, 'B.Tech Electronics and Communication Engineering', 4.0, 340000.00, 85000.00, 70),
(279, 140, 'B.Tech Information Technology', 4.0, 400000.00, 100000.00, 100),
(280, 140, 'B.Tech Mechanical Engineering', 4.0, 380000.00, 95000.00, 80),
(281, 141, 'B.Tech Computer Science and Engineering', 4.0, 380000.00, 95000.00, 90),
(282, 141, 'B.Tech Civil Engineering', 4.0, 360000.00, 90000.00, 80),
(283, 142, 'B.Tech Information Technology', 4.0, 400000.00, 100000.00, 100),
(284, 142, 'B.Tech Electrical Engineering', 4.0, 380000.00, 95000.00, 80),
(285, 143, 'B.Tech Computer Science and Engineering', 4.0, 380000.00, 95000.00, 90),
(286, 143, 'B.Tech Mechanical Engineering', 4.0, 360000.00, 90000.00, 80),
(287, 144, 'B.Tech Information Technology', 4.0, 420000.00, 105000.00, 100),
(288, 144, 'B.Tech Electronics and Communication Engineering', 4.0, 400000.00, 100000.00, 80),
(289, 145, 'B.Tech Civil Engineering', 4.0, 360000.00, 90000.00, 80),
(290, 145, 'B.Tech Information Technology', 4.0, 380000.00, 95000.00, 90),
(291, 146, 'B.Tech Computer Science and Engineering', 4.0, 360000.00, 90000.00, 80),
(292, 146, 'B.Tech Mechanical Engineering', 4.0, 340000.00, 85000.00, 70),
(293, 147, 'B.Tech Information Technology', 4.0, 400000.00, 100000.00, 100),
(294, 147, 'B.Tech Computer Science and Engineering', 4.0, 380000.00, 95000.00, 90),
(295, 148, 'B.Tech Computer Science and Engineering', 4.0, 380000.00, 95000.00, 90),
(296, 148, 'B.Tech Electrical Engineering', 4.0, 360000.00, 90000.00, 80),
(297, 149, 'B.Tech Computer Science and Engineering', 4.0, 360000.00, 90000.00, 90),
(298, 149, 'B.Tech Information Technology', 4.0, 380000.00, 95000.00, 100),
(299, 150, 'B.Tech Mechanical Engineering', 4.0, 380000.00, 95000.00, 80),
(300, 150, 'B.Tech Civil Engineering', 4.0, 360000.00, 90000.00, 70);

INSERT INTO eligibility_criteria (criteria_id, course_id, min_10th_pct, min_12th_pct, required_stream, accepted_exams, cutoff_rank_gen, cutoff_rank_reserved) VALUES
(1, 1, 75.00, 75.00, 'PCM', 'JEE Advanced', 1200, 3500),
(2, 2, 75.00, 75.00, 'PCM', 'JEE Advanced', 1800, 4500),
(3, 3, 75.00, 75.00, 'PCM', 'JEE Main', 9000, 18000),
(4, 4, 75.00, 75.00, 'PCM', 'JEE Main', 14000, 25000),
(5, 5, 60.00, 60.00, 'PCM', 'TNEA', 6000, 14000),
(6, 6, 60.00, 60.00, 'PCM', 'TNEA', 7000, 15000),
(7, 7, 60.00, 60.00, 'PCM', 'TNEA', 8000, 16000),
(8, 8, 60.00, 60.00, 'PCM', 'TNEA', 9000, 17000),
(9, 9, 65.00, 65.00, 'PCM', 'TNEA', 9000, 18000),
(10, 10, 65.00, 65.00, 'PCM', 'TNEA', 11000, 20000),
(11, 11, 60.00, 60.00, 'PCM', 'VITEEE', 10000, 20000),
(12, 12, 60.00, 60.00, 'PCMB', 'VITEEE', 15000, 25000),
(13, 13, 60.00, 60.00, 'PCM', 'SRMJEEE', 12000, 22000),
(14, 14, 60.00, 60.00, 'PCMB', 'SRMJEEE', 18000, 28000),
(15, 15, 65.00, 65.00, 'PCM', 'TNEA', 8000, 16000),
(16, 16, 65.00, 65.00, 'PCM', 'TNEA', 10000, 18000),
(17, 17, 60.00, 60.00, 'PCM', 'JEE Main, 10+2 Merit', 12000, 25000),
(18, 18, 60.00, 60.00, 'PCM', 'JEE Main, 10+2 Merit', 18000, 30000),
(19, 19, 65.00, 65.00, 'PCM', 'TNEA', 15000, 25000),
(20, 20, 65.00, 65.00, 'PCM', 'TNEA', 18000, 30000),
(21, 21, 70.00, 70.00, 'PCM', 'TNEA', 12000, 22000),
(22, 22, 70.00, 70.00, 'PCM', 'TNEA', 14000, 24000),
(23, 23, 70.00, 70.00, 'PCM', 'AEEE, JEE Main', 9000, 20000),
(24, 24, 70.00, 70.00, 'PCM', 'AEEE, JEE Main', 11000, 24000),
(25, 25, 60.00, 60.00, 'PCM', 'JEE Main', 15000, 30000),
(26, 26, 60.00, 60.00, 'PCM', 'JEE Main', 20000, 35000),
(27, 27, 75.00, 75.00, 'PCM', 'TNEA', 2000, 6000),
(28, 28, 75.00, 75.00, 'PCM', 'TNEA', 9000, 18000),
(29, 29, 75.00, 75.00, 'PCM', 'BITSAT', 1500, 4000),
(30, 30, 75.00, 75.00, 'PCM', 'BITSAT', 2500, 5000),
(31, 31, 75.00, 75.00, 'PCM', 'JEE Main', 7000, 15000),
(32, 32, 75.00, 75.00, 'PCM', 'JEE Main', 10000, 20000),
(33, 33, 75.00, 75.00, 'PCM', 'WBJEE', 1200, 3200),
(34, 34, 75.00, 75.00, 'PCM', 'WBJEE', 1600, 3800),
(35, 35, 65.00, 65.00, 'PCM', 'MET', 4000, 10000),
(36, 36, 65.00, 65.00, 'PCM', 'MET', 6000, 12000),
(37, 37, 70.00, 70.00, 'PCM', 'KCET, COMEDK', 8000, 16000),
(38, 38, 70.00, 70.00, 'PCM', 'KCET, COMEDK', 10000, 18000),
(39, 39, 70.00, 70.00, 'PCM', 'KCET, COMEDK', 9000, 17000),
(40, 40, 70.00, 70.00, 'PCM', 'KCET, COMEDK', 12000, 22000),
(41, 41, 70.00, 70.00, 'PCM', 'KCET, COMEDK', 10000, 20000),
(42, 42, 70.00, 70.00, 'PCM', 'KCET, COMEDK', 12000, 22000),
(43, 43, 75.00, 75.00, 'PCM', 'PESSAT, KCET', 5000, 13000),
(44, 44, 75.00, 75.00, 'PCM', 'PESSAT, KCET', 8000, 16000),
(45, 45, 70.00, 70.00, 'PCM', 'CUCET', 15000, 30000),
(46, 46, 70.00, 70.00, 'PCM', 'CUCET', 18000, 32000),
(47, 47, 75.00, 75.00, 'PCM', 'JEE Main', 9000, 18000),
(48, 48, 75.00, 75.00, 'PCM', 'JEE Main', 13000, 24000),
(49, 49, 65.00, 65.00, 'PCM', 'MHT-CET, JEE Main', 10000, 22000),
(50, 50, 65.00, 65.00, 'PCM', 'MHT-CET, JEE Main', 14000, 26000),
(51, 51, 75.00, 75.00, 'PCM', 'JEE Main', 10000, 20000),
(52, 52, 75.00, 75.00, 'PCM', 'JEE Main', 18000, 30000),
(53, 53, 75.00, 75.00, 'PCM', 'JEE Main, UGEE', 1000, 2500),
(54, 54, 75.00, 75.00, 'PCM', 'JEE Main, UGEE', 1500, 3000),
(55, 55, 75.00, 75.00, 'PCM', 'JEE Advanced', 400, 1500),
(56, 56, 75.00, 75.00, 'PCM', 'JEE Advanced', 700, 2000),
(57, 57, 75.00, 75.00, 'PCM', 'JEE Advanced', 300, 1200),
(58, 58, 75.00, 75.00, 'PCM', 'JEE Advanced', 900, 2500),
(59, 59, 75.00, 75.00, 'PCM', 'JEE Main', 8000, 18000),
(60, 60, 75.00, 75.00, 'PCM', 'JEE Main', 10000, 20000),
(61, 61, 75.00, 75.00, 'PCM', 'JEE Main', 9000, 19000),
(62, 62, 75.00, 75.00, 'PCM', 'JEE Main', 11000, 21000),
(63, 63, 60.00, 60.00, 'PCM', 'AP EAPCET', 12000, 25000),
(64, 64, 60.00, 60.00, 'PCM', 'AP EAPCET', 15000, 28000),
(65, 65, 60.00, 60.00, 'PCM', 'TS EAPCET', 10000, 22000),
(66, 66, 60.00, 60.00, 'PCM', 'TS EAPCET', 13000, 25000),
(67, 67, 60.00, 60.00, 'PCM', 'KIITEE', 10000, 22000),
(68, 68, 60.00, 60.00, 'PCM', 'KIITEE', 14000, 26000),
(69, 69, 60.00, 60.00, 'PCM', 'Amity JEE, 10+2 Merit', 15000, 30000),
(70, 70, 60.00, 60.00, 'PCMB', 'Amity JEE, 10+2 Merit', 20000, 35000),
(71, 71, 65.00, 65.00, 'PCM', 'MET', 5000, 12000),
(72, 72, 65.00, 65.00, 'PCM', 'MET', 7000, 14000),
(73, 73, 60.00, 60.00, 'PCM', 'VITEEE', 10000, 20000),
(74, 74, 60.00, 60.00, 'PCM', 'VITEEE', 12000, 22000),
(75, 75, 75.00, 75.00, 'PCM', 'JEE Main', 9000, 18000),
(76, 76, 75.00, 75.00, 'PCM', 'JEE Main', 12000, 22000),
(77, 77, 75.00, 75.00, 'PCM', 'JEE Advanced', 600, 1800),
(78, 78, 75.00, 75.00, 'PCM', 'JEE Advanced', 900, 2400),
(79, 79, 75.00, 75.00, 'PCM', 'JEE Main', 9000, 19000),
(80, 80, 75.00, 75.00, 'PCM', 'JEE Main', 12000, 23000),
(81, 81, 60.00, 60.00, 'PCM', 'TS EAPCET', 12000, 25000),
(82, 82, 60.00, 60.00, 'PCM', 'TS EAPCET', 14000, 28000),
(83, 83, 65.00, 65.00, 'PCM', 'TS EAPCET', 8000, 16000),
(84, 84, 65.00, 65.00, 'PCM', 'TS EAPCET', 10000, 18000),
(85, 85, 65.00, 65.00, 'PCM', 'TS EAPCET', 7000, 15000),
(86, 86, 65.00, 65.00, 'PCM', 'TS EAPCET', 9000, 17000),
(87, 87, 70.00, 70.00, 'PCM', 'JEE Main, Merit', 5000, 12000),
(88, 88, 70.00, 70.00, 'PCM', 'JEE Main, Merit', 7000, 14000),
(89, 89, 65.00, 65.00, 'PCM', 'AP EAPCET', 8000, 16000),
(90, 90, 65.00, 65.00, 'PCM', 'AP EAPCET', 7500, 15500),
(91, 91, 70.00, 70.00, 'PCM', 'TS EAPCET, AEEE', 6000, 13000),
(92, 92, 70.00, 70.00, 'PCM', 'TS EAPCET, Merit', 6500, 13500),
(93, 93, 65.00, 65.00, 'PCM', 'VITEEE, Merit', 5500, 12500),
(94, 94, 65.00, 65.00, 'PCM', 'VITEEE, Merit', 6000, 13000),
(95, 95, 75.00, 75.00, 'PCM', 'JEE Advanced, JEE Main', 500, 2500),
(96, 96, 75.00, 75.00, 'PCM', 'JEE Advanced, JEE Main', 600, 2800),
(97, 97, 70.00, 70.00, 'PCM', 'JEE Advanced, JEE Main', 800, 3500),
(98, 98, 70.00, 70.00, 'PCM', 'JEE Advanced, JEE Main', 900, 3800),
(99, 99, 70.00, 70.00, 'PCM', 'NEET, JEE Main', 1200, 5000),
(100, 100, 70.00, 70.00, 'PCM', 'NEET, JEE Main', 1400, 5500),
(101, 101, 65.00, 65.00, 'PCM', 'JEE Main, Merit', 1800, 6500),
(102, 102, 65.00, 65.00, 'PCM', 'JEE Main, Merit', 2000, 7000),
(103, 103, 80.00, 80.00, 'PCM', 'JEE Advanced, JEE Main', 100, 1000),
(104, 104, 80.00, 80.00, 'PCM', 'JEE Advanced, JEE Main', 150, 1200),
(105, 105, 70.00, 70.00, 'PCM', 'JEE Main, Merit', 3500, 9000),
(106, 106, 70.00, 70.00, 'PCM', 'JEE Main, Merit', 4000, 10000),
(107, 107, 70.00, 70.00, 'PCM', 'JEE Main, Merit', 3000, 8500),
(108, 108, 70.00, 70.00, 'PCM', 'JEE Main, Merit', 3500, 9000),
(109, 109, 75.00, 75.00, 'PCM', 'JEE Advanced, JEE Main', 1000, 4000),
(110, 110, 75.00, 75.00, 'PCM', 'JEE Advanced, JEE Main', 1200, 4500),
(111, 111, 65.00, 65.00, 'PCM', 'JEE Main, Merit', 2500, 7500),
(112, 112, 65.00, 65.00, 'PCM', 'JEE Main, Merit', 2800, 8000),
(113, 113, 60.00, 60.00, 'PCM', 'JEE Main, GATE', 6000, 12000),
(114, 114, 60.00, 60.00, 'PCM', 'JEE Main, GATE', 6500, 13000),
(115, 115, 65.00, 65.00, 'PCM', 'JEE Main, Merit', 3200, 9000),
(116, 116, 65.00, 65.00, 'PCM', 'JEE Main, Merit', 3600, 10000),
(117, 117, 70.00, 70.00, 'PCM', 'JEE Main, LPUNEST', 2000, 6000),
(118, 118, 70.00, 70.00, 'PCM', 'JEE Main, LPUNEST', 2200, 6500),
(119, 119, 65.00, 65.00, 'PCM', 'VITEEE, Merit', 3500, 9000),
(120, 120, 65.00, 65.00, 'PCM', 'VITEEE, Merit', 3800, 9500),
(121, 121, 80.00, 80.00, 'PCM', 'JEE Advanced, BITSAT', 800, 3500),
(122, 122, 80.00, 80.00, 'PCM', 'JEE Advanced, BITSAT', 600, 3000),
(123, 123, 60.00, 60.00, 'PCM', 'JEE Main, Merit', 5000, 11000),
(124, 124, 60.00, 60.00, 'PCM', 'JEE Main, Merit', 5500, 12000),
(125, 125, 65.00, 65.00, 'PCM', 'JEE Main, BITSAT', 2500, 7500),
(126, 126, 65.00, 65.00, 'PCM', 'JEE Main, BITSAT', 2800, 8000),
(127, 127, 75.00, 75.00, 'PCM', 'JEE Advanced, SASTRA Exam', 800, 3500),
(128, 128, 75.00, 75.00, 'PCM', 'JEE Advanced, SASTRA Exam', 900, 3800),
(129, 129, 70.00, 70.00, 'PCM', 'JEE Main, LPUNEST', 2000, 6000),
(130, 130, 70.00, 70.00, 'PCM', 'JEE Main, LPUNEST', 2200, 6500),
(131, 131, 65.00, 65.00, 'PCM', 'JEE Main, Merit', 3500, 9000),
(132, 132, 65.00, 65.00, 'PCM', 'JEE Main, Merit', 3800, 9500),
(133, 133, 70.00, 70.00, 'PCM', 'JEE Main, GATE', 2500, 7500),
(134, 134, 70.00, 70.00, 'PCM', 'JEE Main, GATE', 2800, 8000),
(135, 135, 70.00, 70.00, 'PCM', 'JEE Main, Merit', 1500, 5500),
(136, 136, 70.00, 70.00, 'PCM', 'JEE Main, Merit', 1800, 6500),
(137, 137, 65.00, 65.00, 'PCM', 'JEE Main, Merit', 3000, 8500),
(138, 138, 65.00, 65.00, 'PCM', 'JEE Main, Merit', 3300, 9000),
(139, 139, 70.00, 70.00, 'PCM', 'JEE Main, GATE', 2000, 6500),
(140, 140, 70.00, 70.00, 'PCM', 'JEE Main, GATE', 2300, 7000),
(141, 141, 75.00, 75.00, 'PCM', 'JEE Advanced, Merit', 1000, 4500),
(142, 142, 75.00, 75.00, 'PCM', 'JEE Advanced, Merit', 1200, 5000),
(143, 143, 70.00, 70.00, 'PCM', 'COMEDK, JEE Main', 2000, 6500),
(144, 144, 70.00, 70.00, 'PCM', 'COMEDK, JEE Main', 2300, 7000),
(145, 145, 70.00, 70.00, 'PCM', 'EAPCET, Merit', 3000, 8500),
(146, 146, 70.00, 70.00, 'PCM', 'EAPCET, Merit', 3300, 9000),
(147, 147, 65.00, 65.00, 'PCM', 'JEE Main, Merit', 3500, 9000),
(148, 148, 65.00, 65.00, 'PCM', 'JEE Main, Merit', 3800, 9500),
(149, 149, 70.00, 70.00, 'PCM', 'JEE Main, Merit', 2500, 7500),
(150, 150, 70.00, 70.00, 'PCM', 'JEE Main, Merit', 2800, 8000),
(151, 151, 65.00, 65.00, 'PCM', 'JEE Main, Merit', 3000, 8500),
(152, 152, 65.00, 65.00, 'PCM', 'JEE Main, Merit', 3300, 9000),
(153, 153, 60.00, 60.00, 'PCM', 'JEE Main, Merit', 4500, 10500),
(154, 154, 60.00, 60.00, 'PCM', 'JEE Main, Merit', 5000, 11000),
(155, 155, 65.00, 65.00, 'PCM', 'JEE Main, Merit', 2800, 8000),
(156, 156, 65.00, 65.00, 'PCM', 'JEE Main, Merit', 3200, 8800),
(157, 157, 60.00, 60.00, 'PCM', 'JEE Main, Merit', 4000, 10000),
(158, 158, 60.00, 60.00, 'PCM', 'JEE Main, Merit', 4500, 10500),
(159, 159, 65.00, 65.00, 'PCM', 'JEE Main, Merit', 3000, 8500),
(160, 160, 65.00, 65.00, 'PCM', 'JEE Main, Merit', 3400, 9200),
(161, 161, 70.00, 70.00, 'PCM', 'JEE Main, Merit', 2000, 6500),
(162, 162, 70.00, 70.00, 'PCM', 'JEE Main, Merit', 2300, 7000),
(163, 163, 70.00, 70.00, 'PCM', 'JEE Main, Merit', 2500, 7500),
(164, 164, 70.00, 70.00, 'PCM', 'JEE Main, Merit', 2800, 8000),
(165, 165, 60.00, 60.00, 'PCM', 'JEE Main, Merit', 5000, 11000),
(166, 166, 60.00, 60.00, 'PCM', 'JEE Main, Merit', 5500, 12000),
(167, 167, 70.00, 70.00, 'PCM', 'VITEEE, Merit', 1800, 6000),
(168, 168, 70.00, 70.00, 'PCM', 'VITEEE, Merit', 2100, 6500),
(169, 169, 75.00, 75.00, 'PCM', 'JEE Advanced, JEE Main', 700, 3200),
(170, 170, 75.00, 75.00, 'PCM', 'JEE Advanced, JEE Main', 800, 3500),
(171, 171, 70.00, 70.00, 'PCM', 'JEE Main, Merit', 3000, 8500),
(172, 172, 70.00, 70.00, 'PCM', 'JEE Main, Merit', 3300, 9000),
(173, 173, 75.00, 75.00, 'PCM', 'JEE Advanced, JEE Main', 900, 3800),
(174, 174, 75.00, 75.00, 'PCM', 'JEE Advanced, JEE Main', 1000, 4000),
(175, 175, 70.00, 70.00, 'PCM', 'JEE Main, Merit', 2500, 7500),
(176, 176, 70.00, 70.00, 'PCM', 'JEE Main, Merit', 2800, 8000),
(177, 177, 75.00, 75.00, 'PCM', 'JEE Advanced, Merit', 1200, 5000),
(178, 178, 75.00, 75.00, 'PCM', 'JEE Advanced, Merit', 1400, 5500),
(179, 179, 65.00, 65.00, 'PCM', 'JEE Main, Merit', 3500, 9000),
(180, 180, 65.00, 65.00, 'PCM', 'JEE Main, Merit', 3800, 9500),
(181, 181, 60.00, 60.00, 'PCM', 'JEE Main, Merit', 4500, 10500),
(182, 182, 60.00, 60.00, 'PCM', 'JEE Main, Merit', 5000, 11000),
(183, 183, 70.00, 70.00, 'PCM', 'JEE Main, Merit', 2500, 7500),
(184, 184, 70.00, 70.00, 'PCM', 'JEE Main, Merit', 2800, 8000),
(185, 185, 65.00, 65.00, 'PCM', 'JEE Main, Merit', 3200, 9000),
(186, 186, 65.00, 65.00, 'PCM', 'JEE Main, Merit', 3600, 10000),
(187, 187, 70.00, 70.00, 'PCM', 'JEE Main, Merit', 2000, 6500),
(188, 188, 70.00, 70.00, 'PCM', 'JEE Main, Merit', 2300, 7000),
(189, 189, 60.00, 60.00, 'PCM', 'JEE Main, Merit', 4500, 10500),
(190, 190, 60.00, 60.00, 'PCM', 'JEE Main, Merit', 5000, 11000),
(191, 191, 70.00, 70.00, 'PCM', 'KCET, JEE Main', 2500, 7500),
(192, 192, 70.00, 70.00, 'PCM', 'KCET, JEE Main', 2800, 8000),
(193, 193, 65.00, 65.00, 'PCM', 'JEE Main, Merit', 3500, 9000),
(194, 194, 65.00, 65.00, 'PCM', 'JEE Main, Merit', 3800, 9500),
(195, 195, 70.00, 70.00, 'PCM', 'WBJEE, JEE Main', 2500, 7500),
(196, 196, 70.00, 70.00, 'PCM', 'WBJEE, JEE Main', 2800, 8000),
(197, 197, 60.00, 60.00, 'PCM', 'JEE Main, Merit', 4500, 10500),
(198, 198, 60.00, 60.00, 'PCM', 'JEE Main, Merit', 5000, 11000),
(199, 199, 70.00, 70.00, 'PCM', 'NIT Admission, Merit', 2500, 7500),
(200, 200, 70.00, 70.00, 'PCM', 'NIT Admission, Merit', 2800, 8000),
(201, 201, 50.00, 50.00, 'PCM', 'JEE Main, Merit', 35000, 40000),
(202, 202, 50.00, 50.00, 'PCM', 'JEE Main, Merit', 36000, 41000),
(203, 203, 50.00, 50.00, 'PCM', 'EAPCET, Merit', 25000, 30000),
(204, 204, 50.00, 50.00, 'PCM', 'EAPCET, Merit', 26000, 31000),
(205, 205, 50.00, 50.00, 'PCM', 'EAPCET, Merit', 27000, 32000),
(206, 206, 50.00, 50.00, 'PCM', 'EAPCET, Merit', 28000, 33000),
(207, 207, 50.00, 50.00, 'PCM', 'EAPCET, Merit', 24000, 29000),
(208, 208, 50.00, 50.00, 'PCM', 'EAPCET, Merit', 25000, 30000),
(209, 209, 50.00, 50.00, 'PCM', 'TS EAPCET, Merit', 22000, 27000),
(210, 210, 50.00, 50.00, 'PCM', 'TS EAPCET, Merit', 23000, 28000),
(211, 211, 50.00, 50.00, 'PCM', 'TS EAPCET, Merit', 21000, 26000),
(212, 212, 50.00, 50.00, 'PCM', 'TS EAPCET, Merit', 22000, 27000),
(213, 213, 50.00, 50.00, 'PCM', 'VITEEE, Merit', 18000, 23000),
(214, 214, 50.00, 50.00, 'PCM', 'VITEEE, Merit', 19000, 24000),
(215, 215, 50.00, 50.00, 'PCM', 'TS EAPCET, Merit', 20000, 25000),
(216, 216, 50.00, 50.00, 'PCM', 'TS EAPCET, Merit', 21000, 26000),
(217, 217, 50.00, 50.00, 'PCM', 'Vel Tech Exam, Merit', 15000, 20000),
(218, 218, 50.00, 50.00, 'PCM', 'Vel Tech Exam, Merit', 16000, 21000),
(219, 219, 50.00, 50.00, 'PCM', 'Saveetha Exam, Merit', 14000, 19000),
(220, 220, 50.00, 50.00, 'PCM', 'Saveetha Exam, Merit', 15000, 20000),
(221, 221, 50.00, 50.00, 'PCM', 'JEE Main, Merit', 32000, 37000),
(222, 222, 50.00, 50.00, 'PCM', 'JEE Main, Merit', 33000, 38000),
(223, 223, 50.00, 50.00, 'PCM', 'TNEA, Merit', 28000, 33000),
(224, 224, 50.00, 50.00, 'PCM', 'TNEA, Merit', 29000, 34000),
(225, 225, 50.00, 50.00, 'PCM', 'JEE Main, Merit', 30000, 35000),
(226, 226, 50.00, 50.00, 'PCM', 'JEE Main, Merit', 31000, 36000),
(227, 227, 50.00, 50.00, 'PCM', 'KCET, Merit', 25000, 30000),
(228, 228, 50.00, 50.00, 'PCM', 'KCET, Merit', 26000, 31000),
(229, 229, 50.00, 50.00, 'PCM', 'KCET, Merit', 24000, 29000),
(230, 230, 50.00, 50.00, 'PCM', 'KCET, Merit', 25000, 30000),
(231, 231, 50.00, 50.00, 'PCM', 'Nirma Exam, Merit', 20000, 25000),
(232, 232, 50.00, 50.00, 'PCM', 'Nirma Exam, Merit', 21000, 26000),
(233, 233, 50.00, 50.00, 'PCM', 'JEE Main, Merit', 28000, 33000),
(234, 234, 50.00, 50.00, 'PCM', 'JEE Main, Merit', 29000, 34000),
(235, 235, 50.00, 50.00, 'PCM', 'Parul Exam, Merit', 22000, 27000),
(236, 236, 50.00, 50.00, 'PCM', 'Parul Exam, Merit', 23000, 28000),
(237, 237, 50.00, 50.00, 'PCM', 'JEE Main, Merit', 26000, 31000),
(238, 238, 50.00, 50.00, 'PCM', 'JEE Main, Merit', 27000, 32000),
(239, 239, 50.00, 50.00, 'PCM', 'JEE Main, Merit', 25000, 30000),
(240, 240, 50.00, 50.00, 'PCM', 'JEE Main, Merit', 26000, 31000),
(241, 241, 50.00, 50.00, 'PCM', 'COMEDK, Merit', 24000, 29000),
(242, 242, 50.00, 50.00, 'PCM', 'COMEDK, Merit', 25000, 30000),
(243, 243, 50.00, 50.00, 'PCM', 'MIT Exam, Merit', 22000, 27000),
(244, 244, 50.00, 50.00, 'PCM', 'MIT Exam, Merit', 23000, 28000),
(245, 245, 55.00, 55.00, 'PCM', 'JEE Main, Merit', 18000, 23000),
(246, 246, 55.00, 55.00, 'PCM', 'JEE Main, Merit', 19000, 24000),
(247, 247, 50.00, 50.00, 'PCM', 'JEE Main, Merit', 20000, 25000),
(248, 248, 50.00, 50.00, 'PCM', 'JEE Main, Merit', 21000, 26000),
(249, 249, 50.00, 50.00, 'PCM', 'Symbiosis Exam, Merit', 16000, 21000),
(250, 250, 50.00, 50.00, 'PCM', 'Symbiosis Exam, Merit', 17000, 22000),
(251, 251, 50.00, 50.00, 'PCM', 'JEE Main, Merit', 19000, 24000),
(252, 252, 50.00, 50.00, 'PCM', 'JEE Main, Merit', 20000, 25000),
(253, 253, 50.00, 50.00, 'PCM', 'VIT Exam, Merit', 15000, 20000),
(254, 254, 50.00, 50.00, 'PCM', 'VIT Exam, Merit', 16000, 21000),
(255, 255, 50.00, 50.00, 'PCM', 'Aurangabad Exam, Merit', 18000, 23000),
(256, 256, 50.00, 50.00, 'PCM', 'Aurangabad Exam, Merit', 19000, 24000),
(257, 257, 50.00, 50.00, 'PCM', 'RTMNU, Merit', 22000, 27000),
(258, 258, 50.00, 50.00, 'PCM', 'RTMNU, Merit', 23000, 28000),
(259, 259, 50.00, 50.00, 'PCM', 'JEE Main, Merit', 21000, 26000),
(260, 260, 50.00, 50.00, 'PCM', 'JEE Main, Merit', 22000, 27000),
(261, 261, 50.00, 50.00, 'PCM', 'RAIT Exam, Merit', 18000, 23000),
(262, 262, 50.00, 50.00, 'PCM', 'RAIT Exam, Merit', 19000, 24000),
(263, 263, 55.00, 55.00, 'PCM', 'VIT Pune, Merit', 16000, 21000),
(264, 264, 55.00, 55.00, 'PCM', 'VIT Pune, Merit', 17000, 22000),
(265, 265, 50.00, 50.00, 'PCM', 'JEE Main, Merit', 24000, 29000),
(266, 266, 50.00, 50.00, 'PCM', 'JEE Main, Merit', 25000, 30000),
(267, 267, 50.00, 50.00, 'PCM', 'Parul Exam, Merit', 20000, 25000),
(268, 268, 50.00, 50.00, 'PCM', 'Parul Exam, Merit', 21000, 26000),
(269, 269, 50.00, 50.00, 'PCM', 'Silver Oak, Merit', 18000, 23000),
(270, 270, 50.00, 50.00, 'PCM', 'Silver Oak, Merit', 19000, 24000),
(271, 271, 50.00, 50.00, 'PCM', 'Marwadi Exam, Merit', 20000, 25000),
(272, 272, 50.00, 50.00, 'PCM', 'Marwadi Exam, Merit', 21000, 26000),
(273, 273, 50.00, 50.00, 'PCM', 'JEE Main, Merit', 19000, 24000),
(274, 274, 50.00, 50.00, 'PCM', 'JEE Main, Merit', 20000, 25000),
(275, 275, 50.00, 50.00, 'PCM', 'SCET Exam, Merit', 18000, 23000),
(276, 276, 50.00, 50.00, 'PCM', 'SCET Exam, Merit', 19000, 24000),
(277, 277, 50.00, 50.00, 'PCM', 'CCET Exam, Merit', 19000, 24000),
(278, 278, 50.00, 50.00, 'PCM', 'CCET Exam, Merit', 20000, 25000),
(279, 279, 50.00, 50.00, 'PCM', 'GNA Exam, Merit', 21000, 26000),
(280, 280, 50.00, 50.00, 'PCM', 'GNA Exam, Merit', 22000, 27000),
(281, 281, 50.00, 50.00, 'PCM', 'JEE Main, Merit', 20000, 25000),
(282, 282, 50.00, 50.00, 'PCM', 'JEE Main, Merit', 21000, 26000),
(283, 283, 50.00, 50.00, 'PCM', 'ACER Exam, Merit', 18000, 23000),
(284, 284, 50.00, 50.00, 'PCM', 'ACER Exam, Merit', 19000, 24000),
(285, 285, 50.00, 50.00, 'PCM', 'RKIT Exam, Merit', 20000, 25000),
(286, 286, 50.00, 50.00, 'PCM', 'RKIT Exam, Merit', 21000, 26000),
(287, 287, 55.00, 55.00, 'PCM', 'GBU Exam, Merit', 16000, 21000),
(288, 288, 55.00, 55.00, 'PCM', 'GBU Exam, Merit', 17000, 22000),
(289, 289, 50.00, 50.00, 'PCM', 'MJPRU, Merit', 22000, 27000),
(290, 290, 50.00, 50.00, 'PCM', 'MJPRU, Merit', 23000, 28000),
(291, 291, 50.00, 50.00, 'PCM', 'RAJASTHAN JEE, Merit', 24000, 29000),
(292, 292, 50.00, 50.00, 'PCM', 'RAJASTHAN JEE, Merit', 25000, 30000),
(293, 293, 50.00, 50.00, 'PCM', 'SGU Exam, Merit', 18000, 23000),
(294, 294, 50.00, 50.00, 'PCM', 'SGU Exam, Merit', 19000, 24000),
(295, 295, 50.00, 50.00, 'PCM', 'Arya Exam, Merit', 20000, 25000),
(296, 296, 50.00, 50.00, 'PCM', 'Arya Exam, Merit', 21000, 26000),
(297, 297, 55.00, 55.00, 'PCM', 'Banasthali Exam, Merit', 15000, 20000),
(298, 298, 55.00, 55.00, 'PCM', 'Banasthali Exam, Merit', 16000, 21000),
(299, 299, 60.00, 60.00, 'PCM', 'JEE Main, Merit', 12000, 17000),
(300, 300, 60.00, 60.00, 'PCM', 'JEE Main, Merit', 13000, 18000);

INSERT INTO admissions_logistics (logistics_id, course_id, application_start, application_end, required_docs, apply_link, admission_steps) VALUES
(1, 1, '2026-04-01', '2026-06-30', '10th marksheet, 12th marksheet, JEE Advanced scorecard, category certificate if applicable, photo ID, passport-size photographs', 'https://www.iitm.ac.in', 'Register on the official portal, complete the application or counselling form, upload documents, pay the fee, attend counselling if required, confirm the seat and pay admission fee.'),
(2, 2, '2026-04-01', '2026-06-30', '10th marksheet, 12th marksheet, JEE Advanced scorecard, category certificate if applicable, photo ID, passport-size photographs', 'https://www.iitm.ac.in', 'Register on the official portal, complete the application or counselling form, upload documents, pay the fee, attend counselling if required, confirm the seat and pay admission fee.'),
(3, 3, '2026-04-01', '2026-06-30', '10th marksheet, 12th marksheet, JEE Main scorecard, category certificate if applicable, photo ID, passport-size photographs', 'https://www.nitt.edu', 'Register for JEE Main counselling, choose the institute and branch, upload documents, pay the counselling fee, complete seat allotment, and report to the college.'),
(4, 4, '2026-04-01', '2026-06-30', '10th marksheet, 12th marksheet, JEE Main scorecard, category certificate if applicable, photo ID, passport-size photographs', 'https://www.nitt.edu', 'Register for JEE Main counselling, choose the institute and branch, upload documents, pay the counselling fee, complete seat allotment, and report to the college.'),
(5, 5, '2026-04-01', '2026-06-30', '10th marksheet, 12th marksheet, TNEA counselling documents, photo ID, passport-size photographs', 'https://www.annauniv.edu/ceg', 'Register through the state counselling portal, fill branch preferences, upload documents, participate in allotment, and confirm admission after seat selection.'),
(6, 6, '2026-04-01', '2026-06-30', '10th marksheet, 12th marksheet, TNEA counselling documents, photo ID, passport-size photographs', 'https://www.annauniv.edu/ceg', 'Register through the state counselling portal, fill branch preferences, upload documents, participate in allotment, and confirm admission after seat selection.'),
(7, 7, '2026-04-01', '2026-06-30', '10th marksheet, 12th marksheet, TNEA counselling documents, photo ID, passport-size photographs', 'https://www.annauniv.edu', 'Register through the state counselling portal, fill branch preferences, upload documents, participate in allotment, and confirm admission after seat selection.'),
(8, 8, '2026-04-01', '2026-06-30', '10th marksheet, 12th marksheet, TNEA counselling documents, photo ID, passport-size photographs', 'https://www.annauniv.edu', 'Register through the state counselling portal, fill branch preferences, upload documents, participate in allotment, and confirm admission after seat selection.'),
(9, 9, '2026-04-01', '2026-06-30', '10th marksheet, 12th marksheet, TNEA documents or equivalent entrance records, photo ID, passport-size photographs', 'https://www.psgtech.edu', 'Apply through the official or counselling route, upload academic records, verify eligibility, complete fee payment, and confirm admission after seat allotment.'),
(10, 10, '2026-04-01', '2026-06-30', '10th marksheet, 12th marksheet, TNEA documents or equivalent entrance records, photo ID, passport-size photographs', 'https://www.psgtech.edu', 'Apply through the official or counselling route, upload academic records, verify eligibility, complete fee payment, and confirm admission after seat allotment.'),
(11, 11, '2026-04-01', '2026-06-30', '10th marksheet, 12th marksheet, VITEEE scorecard, photo ID, passport-size photographs', 'https://www.vit.ac.in', 'Register on the VIT admission portal, upload documents, pay the application fee, attend counselling or seat selection, and confirm the allotted branch.'),
(12, 12, '2026-04-01', '2026-06-30', '10th marksheet, 12th marksheet, VITEEE scorecard, photo ID, passport-size photographs', 'https://www.vit.ac.in', 'Register on the VIT admission portal, upload documents, pay the application fee, attend counselling or seat selection, and confirm the allotted branch.'),
(13, 13, '2026-04-01', '2026-06-30', '10th marksheet, 12th marksheet, SRMJEEE scorecard, photo ID, passport-size photographs', 'https://www.srmist.edu.in', 'Complete SRM registration, upload documents, participate in counselling, choose branch and campus, then pay the admission fee.'),
(14, 14, '2026-04-01', '2026-06-30', '10th marksheet, 12th marksheet, SRMJEEE scorecard, photo ID, passport-size photographs', 'https://www.srmist.edu.in', 'Complete SRM registration, upload documents, participate in counselling, choose branch and campus, then pay the admission fee.'),
(15, 15, '2026-04-01', '2026-06-30', '10th marksheet, 12th marksheet, TNEA or counselling documents, photo ID, passport-size photographs', 'https://www.ssn.edu.in', 'Apply through the official portal or counselling route, upload documents, verify merit, attend seat allocation, and confirm admission.'),
(16, 16, '2026-04-01', '2026-06-30', '10th marksheet, 12th marksheet, TNEA or counselling documents, photo ID, passport-size photographs', 'https://www.ssn.edu.in', 'Apply through the official portal or counselling route, upload documents, verify merit, attend seat allocation, and confirm admission.'),
(17, 17, '2026-04-01', '2026-06-30', '10th marksheet, 12th marksheet, JEE Main scorecard or merit proof, photo ID, passport-size photographs', 'https://www.sastra.edu', 'Submit the application on the university portal, upload marksheets, follow the merit or entrance list, and complete fee payment after allotment.'),
(18, 18, '2026-04-01', '2026-06-30', '10th marksheet, 12th marksheet, JEE Main scorecard or merit proof, photo ID, passport-size photographs', 'https://www.sastra.edu', 'Submit the application on the university portal, upload marksheets, follow the merit or entrance list, and complete fee payment after allotment.'),
(19, 19, '2026-04-01', '2026-06-30', '10th marksheet, 12th marksheet, TNEA documents, photo ID, passport-size photographs', 'https://www.tce.edu', 'Register for counselling or college admission, upload academic records, confirm seat allotment, and pay the first-year fee.'),
(20, 20, '2026-04-01', '2026-06-30', '10th marksheet, 12th marksheet, TNEA documents, photo ID, passport-size photographs', 'https://www.tce.edu', 'Register for counselling or college admission, upload academic records, confirm seat allotment, and pay the first-year fee.'),
(21, 21, '2026-04-01', '2026-06-30', '10th marksheet, 12th marksheet, counselling documents, photo ID, passport-size photographs', 'https://www.kct.ac.in', 'Apply through the official or counselling portal, upload documents, verify eligibility, pay the fee, and complete admission formalities.'),
(22, 22, '2026-04-01', '2026-06-30', '10th marksheet, 12th marksheet, counselling documents, photo ID, passport-size photographs', 'https://www.kct.ac.in', 'Apply through the official or counselling portal, upload documents, verify eligibility, pay the fee, and complete admission formalities.'),
(23, 23, '2026-04-01', '2026-06-30', '10th marksheet, 12th marksheet, AEEE or JEE Main scorecard, photo ID, passport-size photographs', 'https://www.amrita.edu', 'Apply on the Amrita portal, upload documents, participate in counselling, choose the campus and branch, and confirm the seat by paying the fee.'),
(24, 24, '2026-04-01', '2026-06-30', '10th marksheet, 12th marksheet, AEEE or JEE Main scorecard, photo ID, passport-size photographs', 'https://www.amrita.edu', 'Apply on the Amrita portal, upload documents, participate in counselling, choose the campus and branch, and confirm the seat by paying the fee.'),
(25, 25, '2026-04-01', '2026-06-30', '10th marksheet, 12th marksheet, JEE Main or counselling documents, photo ID, passport-size photographs', 'https://pec.edu.in', 'Register on the official admission or counselling portal, upload documents, select branch, confirm allotment, and pay the admission fee.'),
(26, 26, '2026-04-01', '2026-06-30', '10th marksheet, 12th marksheet, JEE Main or counselling documents, photo ID, passport-size photographs', 'https://pec.edu.in', 'Register on the official admission or counselling portal, upload documents, select branch, confirm allotment, and pay the admission fee.'),
(27, 27, '2026-04-01', '2026-06-30', '10th marksheet, 12th marksheet, board marks, photo ID, passport-size photographs', 'https://www.mitindia.edu', 'Apply on the MIT campus portal, upload documents, attend counselling if called, confirm fee payment, and complete admission.'),
(28, 28, '2026-04-01', '2026-06-30', '10th marksheet, 12th marksheet, board marks, photo ID, passport-size photographs', 'https://www.mitindia.edu', 'Apply on the MIT campus portal, upload documents, attend counselling if called, confirm fee payment, and complete admission.'),
(29, 29, '2026-04-01', '2026-06-30', '10th marksheet, 12th marksheet, BITSAT scorecard, photo ID, passport-size photographs', 'https://www.bitsadmission.com', 'Register for BITSAT, fill campus and branch preferences, upload documents, participate in iterations, and complete fee payment.'),
(30, 30, '2026-04-01', '2026-06-30', '10th marksheet, 12th marksheet, BITSAT scorecard, photo ID, passport-size photographs', 'https://www.bitsadmission.com', 'Register for BITSAT, fill campus and branch preferences, upload documents, participate in iterations, and complete fee payment.'),
(31, 31, '2026-04-01', '2026-06-30', '10th marksheet, 12th marksheet, JEE Main scorecard, category certificate if applicable, photo ID, passport-size photographs', 'https://www.dtu.ac.in', 'Participate in JEE Main counselling, upload documents, choose branch preferences, accept seat allotment, and pay the admission fee.'),
(32, 32, '2026-04-01', '2026-06-30', '10th marksheet, 12th marksheet, JEE Main scorecard, category certificate if applicable, photo ID, passport-size photographs', 'https://www.dtu.ac.in', 'Participate in JEE Main counselling, upload documents, choose branch preferences, accept seat allotment, and pay the admission fee.'),
(33, 33, '2026-04-01', '2026-06-30', '10th marksheet, 12th marksheet, WBJEE scorecard, photo ID, passport-size photographs', 'https://www.jaduniv.edu.in', 'Apply through the university or WBJEE route, upload academic records, attend counselling, and confirm admission after verification.'),
(34, 34, '2026-04-01', '2026-06-30', '10th marksheet, 12th marksheet, WBJEE scorecard, photo ID, passport-size photographs', 'https://www.jaduniv.edu.in', 'Apply through the university or WBJEE route, upload academic records, attend counselling, and confirm admission after verification.'),
(35, 35, '2026-04-01', '2026-06-30', '10th marksheet, 12th marksheet, MET scorecard, photo ID, passport-size photographs', 'https://www.manipal.edu/mit', 'Register for MET, upload documents, attend counselling or seat allocation, and finalize admission with fee payment.'),
(36, 36, '2026-04-01', '2026-06-30', '10th marksheet, 12th marksheet, MET scorecard, photo ID, passport-size photographs', 'https://www.manipal.edu/mit', 'Register for MET, upload documents, attend counselling or seat allocation, and finalize admission with fee payment.'),
(37, 37, '2026-04-01', '2026-06-30', '10th marksheet, 12th marksheet, KCET or COMEDK scorecard, photo ID, passport-size photographs', 'https://rvce.edu.in', 'Register through the entrance or counselling portal, fill branch preferences, upload documents, and complete admission after allotment.'),
(38, 38, '2026-04-01', '2026-06-30', '10th marksheet, 12th marksheet, KCET or COMEDK scorecard, photo ID, passport-size photographs', 'https://rvce.edu.in', 'Register through the entrance or counselling portal, fill branch preferences, upload documents, and complete admission after allotment.'),
(39, 39, '2026-04-01', '2026-06-30', '10th marksheet, 12th marksheet, KCET or COMEDK scorecard, photo ID, passport-size photographs', 'https://bmsce.ac.in', 'Register through the entrance or counselling portal, fill branch preferences, upload documents, and complete admission after allotment.'),
(40, 40, '2026-04-01', '2026-06-30', '10th marksheet, 12th marksheet, KCET or COMEDK scorecard, photo ID, passport-size photographs', 'https://bmsce.ac.in', 'Register through the entrance or counselling portal, fill branch preferences, upload documents, and complete admission after allotment.'),
(41, 41, '2026-04-01', '2026-06-30', '10th marksheet, 12th marksheet, KCET or COMEDK scorecard, photo ID, passport-size photographs', 'https://www.msrit.edu', 'Register through the entrance or counselling portal, fill branch preferences, upload documents, and complete admission after allotment.'),
(42, 42, '2026-04-01', '2026-06-30', '10th marksheet, 12th marksheet, KCET or COMEDK scorecard, photo ID, passport-size photographs', 'https://www.msrit.edu', 'Register through the entrance or counselling portal, fill branch preferences, upload documents, and complete admission after allotment.'),
(43, 43, '2026-04-01', '2026-06-30', '10th marksheet, 12th marksheet, PESSAT or KCET scorecard, photo ID, passport-size photographs', 'https://pes.edu', 'Apply through the PESSAT or counselling route, upload documents, complete document verification, and pay the first-year fee.'),
(44, 44, '2026-04-01', '2026-06-30', '10th marksheet, 12th marksheet, PESSAT or KCET scorecard, photo ID, passport-size photographs', 'https://pes.edu', 'Apply through the PESSAT or counselling route, upload documents, complete document verification, and pay the first-year fee.'),
(45, 45, '2026-04-01', '2026-06-30', '10th marksheet, 12th marksheet, CUCET scorecard, photo ID, passport-size photographs', 'https://www.cuchd.in', 'Apply through the university portal, upload academic records, appear for counselling or screening, and confirm admission after seat allotment.'),
(46, 46, '2026-04-01', '2026-06-30', '10th marksheet, 12th marksheet, CUCET scorecard, photo ID, passport-size photographs', 'https://www.cuchd.in', 'Apply through the university portal, upload academic records, appear for counselling or screening, and confirm admission after seat allotment.'),
(47, 47, '2026-04-01', '2026-06-30', '10th marksheet, 12th marksheet, JEE Main scorecard, photo ID, passport-size photographs', 'https://www.thapar.edu', 'Register for the university admission process, upload JEE Main or merit documents, verify records, and pay the admission fee after allotment.'),
(48, 48, '2026-04-01', '2026-06-30', '10th marksheet, 12th marksheet, JEE Main scorecard, photo ID, passport-size photographs', 'https://www.thapar.edu', 'Register for the university admission process, upload JEE Main or merit documents, verify records, and pay the admission fee after allotment.'),
(49, 49, '2026-04-01', '2026-06-30', '10th marksheet, 12th marksheet, MHT-CET or JEE Main scorecard, photo ID, passport-size photographs', 'https://www.coeptechnologicaluniversity.ac.in', 'Register for counselling, upload documents, select branch preferences, confirm allotment, and complete fee payment.'),
(50, 50, '2026-04-01', '2026-06-30', '10th marksheet, 12th marksheet, MHT-CET or JEE Main scorecard, photo ID, passport-size photographs', 'https://www.coeptechnologicaluniversity.ac.in', 'Register for counselling, upload documents, select branch preferences, confirm allotment, and complete fee payment.'),
(51, 51, '2026-04-01', '2026-06-30', '10th marksheet, 12th marksheet, JEE Main scorecard, photo ID, passport-size photographs', 'https://vnit.ac.in', 'Register through JoSAA or the institute admission route, upload documents, participate in allotment, and confirm the seat.'),
(52, 52, '2026-04-01', '2026-06-30', '10th marksheet, 12th marksheet, JEE Main scorecard, photo ID, passport-size photographs', 'https://vnit.ac.in', 'Register through JoSAA or the institute admission route, upload documents, participate in allotment, and confirm the seat.'),
(53, 53, '2026-04-01', '2026-06-30', '10th marksheet, 12th marksheet, JEE Main or UGEE scorecard, photo ID, passport-size photographs', 'https://www.iiit.ac.in', 'Complete the selective admission process, upload academic documents, attend interview or counselling if required, and confirm admission.'),
(54, 54, '2026-04-01', '2026-06-30', '10th marksheet, 12th marksheet, JEE Main or UGEE scorecard, photo ID, passport-size photographs', 'https://www.iiit.ac.in', 'Complete the selective admission process, upload academic documents, attend interview or counselling if required, and confirm admission.'),
(55, 55, '2026-04-01', '2026-06-30', '10th marksheet, 12th marksheet, JEE Advanced scorecard, category certificate if applicable, photo ID, passport-size photographs', 'https://home.iitd.ac.in', 'Register through JoSAA, verify documents, fill preferences, accept the allotted seat, and report to the institute for final admission.'),
(56, 56, '2026-04-01', '2026-06-30', '10th marksheet, 12th marksheet, JEE Advanced scorecard, category certificate if applicable, photo ID, passport-size photographs', 'https://home.iitd.ac.in', 'Register through JoSAA, verify documents, fill preferences, accept the allotted seat, and report to the institute for final admission.'),
(57, 57, '2026-04-01', '2026-06-30', '10th marksheet, 12th marksheet, JEE Advanced scorecard, category certificate if applicable, photo ID, passport-size photographs', 'https://www.iitb.ac.in', 'Register through JoSAA, verify documents, fill preferences, accept the allotted seat, and report to the institute for final admission.'),
(58, 58, '2026-04-01', '2026-06-30', '10th marksheet, 12th marksheet, JEE Advanced scorecard, category certificate if applicable, photo ID, passport-size photographs', 'https://www.iitb.ac.in', 'Register through JoSAA, verify documents, fill preferences, accept the allotted seat, and report to the institute for final admission.'),
(59, 59, '2026-04-01', '2026-06-30', '10th marksheet, 12th marksheet, JEE Main scorecard, photo ID, passport-size photographs', 'https://www.nitw.ac.in', 'Register through JoSAA, upload documents, participate in allotment, and report to the institute after accepting the seat.'),
(60, 60, '2026-04-01', '2026-06-30', '10th marksheet, 12th marksheet, JEE Main scorecard, photo ID, passport-size photographs', 'https://www.nitw.ac.in', 'Register through JoSAA, upload documents, participate in allotment, and report to the institute after accepting the seat.'),
(61, 61, '2026-04-01', '2026-06-30', '10th marksheet, 12th marksheet, JEE Main scorecard, photo ID, passport-size photographs', 'https://www.nitk.ac.in', 'Register through JoSAA, upload documents, participate in allotment, and report to the institute after accepting the seat.'),
(62, 62, '2026-04-01', '2026-06-30', '10th marksheet, 12th marksheet, JEE Main scorecard, photo ID, passport-size photographs', 'https://www.nitk.ac.in', 'Register through JoSAA, upload documents, participate in allotment, and report to the institute after accepting the seat.'),
(63, 63, '2026-04-01', '2026-06-30', '10th marksheet, 12th marksheet, AP EAPCET scorecard, photo ID, passport-size photographs', 'https://www.andhrauniversity.edu.in', 'Register through the state counselling portal, upload documents, fill choices, attend allotment, and confirm admission.'),
(64, 64, '2026-04-01', '2026-06-30', '10th marksheet, 12th marksheet, AP EAPCET scorecard, photo ID, passport-size photographs', 'https://www.andhrauniversity.edu.in', 'Register through the state counselling portal, upload documents, fill choices, attend allotment, and confirm admission.'),
(65, 65, '2026-04-01', '2026-06-30', '10th marksheet, 12th marksheet, TS EAPCET scorecard, photo ID, passport-size photographs', 'https://www.osmania.ac.in', 'Register through the state counselling portal, upload documents, fill choices, attend allotment, and confirm admission.'),
(66, 66, '2026-04-01', '2026-06-30', '10th marksheet, 12th marksheet, TS EAPCET scorecard, photo ID, passport-size photographs', 'https://www.osmania.ac.in', 'Register through the state counselling portal, upload documents, fill choices, attend allotment, and confirm admission.'),
(67, 67, '2026-04-01', '2026-06-30', '10th marksheet, 12th marksheet, KIITEE scorecard, photo ID, passport-size photographs', 'https://kiit.ac.in', 'Apply on the KIIT admission portal, upload documents, attend counselling, and confirm the allotted seat.'),
(68, 68, '2026-04-01', '2026-06-30', '10th marksheet, 12th marksheet, KIITEE scorecard, photo ID, passport-size photographs', 'https://kiit.ac.in', 'Apply on the KIIT admission portal, upload documents, attend counselling, and confirm the allotted seat.'),
(69, 69, '2026-04-01', '2026-06-30', '10th marksheet, 12th marksheet, Amity JEE or merit records, photo ID, passport-size photographs', 'https://www.amity.edu', 'Register on the admission portal, upload marksheets, attend counselling or screening, and pay the seat acceptance fee.'),
(70, 70, '2026-04-01', '2026-06-30', '10th marksheet, 12th marksheet, Amity JEE or merit records, photo ID, passport-size photographs', 'https://www.amity.edu', 'Register on the admission portal, upload marksheets, attend counselling or screening, and pay the seat acceptance fee.'),
(71, 71, '2026-04-01', '2026-06-30', '10th marksheet, 12th marksheet, MET scorecard, photo ID, passport-size photographs', 'https://jaipur.manipal.edu', 'Apply through MET and university counselling, upload documents, choose branch preference, and confirm admission.'),
(72, 72, '2026-04-01', '2026-06-30', '10th marksheet, 12th marksheet, MET scorecard, photo ID, passport-size photographs', 'https://jaipur.manipal.edu', 'Apply through MET and university counselling, upload documents, choose branch preference, and confirm admission.'),
(73, 73, '2026-04-01', '2026-06-30', '10th marksheet, 12th marksheet, VITEEE scorecard, photo ID, passport-size photographs', 'https://chennai.vit.ac.in', 'Register on the VIT Chennai admission portal, upload documents, attend counselling, and finalize the branch and fee payment.'),
(74, 74, '2026-04-01', '2026-06-30', '10th marksheet, 12th marksheet, VITEEE scorecard, photo ID, passport-size photographs', 'https://chennai.vit.ac.in', 'Register on the VIT Chennai admission portal, upload documents, attend counselling, and finalize the branch and fee payment.'),
(75, 75, '2026-04-01', '2026-06-30', '10th marksheet, 12th marksheet, JEE Main scorecard, photo ID, passport-size photographs', 'https://nitc.ac.in', 'Register through JoSAA, upload documents, accept allotment, and report to the institute for final confirmation.'),
(76, 76, '2026-04-01', '2026-06-30', '10th marksheet, 12th marksheet, JEE Main scorecard, photo ID, passport-size photographs', 'https://nitc.ac.in', 'Register through JoSAA, upload documents, accept allotment, and report to the institute for final confirmation.'),
(77, 77, '2026-04-01', '2026-06-30', '10th marksheet, 12th marksheet, JEE Advanced scorecard, category certificate if applicable, photo ID, passport-size photographs', 'https://www.iitkgp.ac.in', 'Register through JoSAA, upload documents, accept the seat, report for verification, and complete fee payment.'),
(78, 78, '2026-04-01', '2026-06-30', '10th marksheet, 12th marksheet, JEE Advanced scorecard, category certificate if applicable, photo ID, passport-size photographs', 'https://www.iitkgp.ac.in', 'Register through JoSAA, upload documents, accept the seat, report for verification, and complete fee payment.'),
(79, 79, '2026-04-01', '2026-06-30', '10th marksheet, 12th marksheet, JEE Main scorecard, photo ID, passport-size photographs', 'https://www.nitrkl.ac.in', 'Register through JoSAA, upload documents, confirm choice filling, accept the allotted seat, and report for verification.'),
(80, 80, '2026-04-01', '2026-06-30', '10th marksheet, 12th marksheet, JEE Main scorecard, photo ID, passport-size photographs', 'https://www.nitrkl.ac.in', 'Register through JoSAA, upload documents, confirm choice filling, accept the allotted seat, and report for verification.'),
(81, 81, '2026-04-01', '2026-06-30', '10th marksheet, 12th marksheet, TS EAPCET scorecard, photo ID, passport-size photographs', 'https://www.jntuh.ac.in', 'Apply through the Telangana counselling portal, upload documents, fill branch preferences, accept allotment, and complete admission formalities.'),
(82, 82, '2026-04-01', '2026-06-30', '10th marksheet, 12th marksheet, TS EAPCET scorecard, photo ID, passport-size photographs', 'https://www.jntuh.ac.in', 'Apply through the Telangana counselling portal, upload documents, fill branch preferences, accept allotment, and complete admission formalities.'),
(83, 83, '2026-04-01', '2026-06-30', '10th marksheet, 12th marksheet, TS EAPCET scorecard, photo ID, passport-size photographs', 'https://www.cbit.ac.in', 'Apply through counselling or institute admission route, upload documents, verify eligibility, pay the admission fee, and confirm the seat.'),
(84, 84, '2026-04-01', '2026-06-30', '10th marksheet, 12th marksheet, TS EAPCET scorecard, photo ID, passport-size photographs', 'https://www.cbit.ac.in', 'Apply through counselling or institute admission route, upload documents, verify eligibility, pay the admission fee, and confirm the seat.'),
(85, 85, '2026-04-01', '2026-06-30', '10th marksheet, 12th marksheet, TS EAPCET scorecard, photo ID, passport-size photographs', 'https://www.vce.ac.in', 'Apply through the state counselling process, upload documents, complete verification, pay the fee, and finalize admission.'),
(86, 86, '2026-04-01', '2026-06-30', '10th marksheet, 12th marksheet, TS EAPCET scorecard, photo ID, passport-size photographs', 'https://www.vce.ac.in', 'Apply through the state counselling process, upload documents, complete verification, pay the fee, and finalize admission.'),
(87, 87, '2026-04-01', '2026-06-30', '10th marksheet, 12th marksheet, JEE Main or merit documents, photo ID, passport-size photographs', 'https://www.mahindrauniversity.edu.in', 'Apply on the university portal, upload board records and entrance documents, attend counselling if called, and confirm admission after fee payment.'),
(88, 88, '2026-04-01', '2026-06-30', '10th marksheet, 12th marksheet, JEE Main or merit documents, photo ID, passport-size photographs', 'https://www.mahindrauniversity.edu.in', 'Apply on the university portal, upload board records and entrance documents, attend counselling if called, and confirm admission after fee payment.'),
(89, 89, '2026-04-01', '2026-06-30', '10th marksheet, 12th marksheet, AP EAPCET scorecard, photo ID, residence proof', 'https://www.griet.ac.in/admissions', 'Apply through EAMCET portal, submit documents, attend counselling, and secure admission.'),
(90, 90, '2026-04-01', '2026-06-30', '10th marksheet, 12th marksheet, AP EAPCET scorecard, caste certificate if applicable, photo ID', 'https://www.griet.ac.in/admissions', 'Complete online registration, upload required documents, and attend counselling sessions.'),
(91, 91, '2026-04-01', '2026-06-30', '10th marksheet, 12th marksheet, TS EAPCET scorecard, photo ID, address proof', 'https://www.cmr.ac.in/admissions', 'Register online, submit documents through portal, and complete counselling process.'),
(92, 92, '2026-04-01', '2026-06-30', '10th marksheet, 12th marksheet, TS EAPCET or merit scorecard, photo ID, address proof', 'https://www.cmr.ac.in/admissions', 'Apply online, upload merit documents, attend counselling if shortlisted.'),
(93, 93, '2026-04-01', '2026-06-30', '10th marksheet, 12th marksheet, VITEEE scorecard or entrance exam, photo ID', 'https://www.vignan.ac.in/admissions', 'Register on Vignan portal, submit academic records, and complete admission process.'),
(94, 94, '2026-04-01', '2026-06-30', '10th marksheet, 12th marksheet, VITEEE or entrance exam scorecard, photo ID', 'https://www.vignan.ac.in/admissions', 'Complete registration, upload exam scores and academic documents online.'),
(95, 95, '2026-04-01', '2026-06-30', '10th marksheet, 12th marksheet, JEE Advanced scorecard, rank card, address proof, photo ID', 'https://www.nirmauni.ac.in/admissions', 'Register on JEE portal, upload rank card and documents, participate in counselling.'),
(96, 96, '2026-04-01', '2026-06-30', '10th marksheet, 12th marksheet, JEE Advanced scorecard, rank document, photo ID, address proof', 'https://www.nirmauni.ac.in/admissions', 'Complete JEE registration process, submit documents, attend counselling.'),
(97, 97, '2026-04-01', '2026-06-30', '10th marksheet, 12th marksheet, JEE Advanced or JEE Main scorecard, address proof, photo ID', 'https://www.ddu.ac.in/admissions', 'Register online, upload entrance exam scorecard and personal documents.'),
(98, 98, '2026-04-01', '2026-06-30', '10th marksheet, 12th marksheet, JEE Main scorecard, photo ID, address proof', 'https://www.ddu.ac.in/admissions', 'Apply online, submit entrance exam score and academic records.'),
(99, 99, '2026-04-01', '2026-06-30', '10th marksheet, 12th marksheet, JEE Advanced scorecard, rank card, photo ID', 'https://www.iitb.ac.in/admissions', 'Register on IIT JEE portal, upload rank and personal documents, participate in counselling.'),
(100, 100, '2026-04-01', '2026-06-30', '10th marksheet, 12th marksheet, JEE Advanced scorecard, rank card, address proof', 'https://www.iitb.ac.in/admissions', 'Complete JEE counselling process, submit required documents, secure seat.'),
(101, 101, '2026-04-01', '2026-06-30', '10th marksheet, 12th marksheet, JEE Main scorecard, photo ID, address proof', 'https://www.iitm.ac.in/admissions', 'Register on IIT portal, upload entrance exam score, participate in seat allocation.'),
(102, 102, '2026-04-01', '2026-06-30', '10th marksheet, 12th marksheet, JEE Main scorecard, rank certificate, photo ID', 'https://www.iitm.ac.in/admissions', 'Apply through JEE Main counselling, upload documents and secure admission.'),
(103, 103, '2026-04-01', '2026-06-30', '10th marksheet, 12th marksheet, JEE Advanced scorecard, rank document, address proof', 'https://www.upes.ac.in/admissions', 'Register on UPES portal, upload JEE scorecard and personal information.'),
(104, 104, '2026-04-01', '2026-06-30', '10th marksheet, 12th marksheet, entrance exam scorecard, photo ID, address proof', 'https://www.upes.ac.in/admissions', 'Complete online registration with entrance exam documents and academic records.'),
(105, 105, '2026-04-01', '2026-06-30', '10th marksheet, 12th marksheet, JEE Main scorecard, rank card, photo ID, address proof', 'https://www.nitdelhi.ac.in/admissions', 'Register on NIT portal, upload JEE Main score, complete merit-based counselling.'),
(106, 106, '2026-04-01', '2026-06-30', '10th marksheet, 12th marksheet, JEE Main scorecard, rank certificate, photo ID', 'https://www.nitdelhi.ac.in/admissions', 'Apply through NIT JEE counselling, submit documents, secure seat.'),
(107, 107, '2026-04-01', '2026-06-30', '10th marksheet, 12th marksheet, JEE Main scorecard, address proof, photo ID', 'https://www.mnnit.ac.in/admissions', 'Register on MNNIT portal, upload entrance exam score and personal documents.'),
(108, 108, '2026-04-01', '2026-06-30', '10th marksheet, 12th marksheet, JEE Main scorecard, photo ID, address proof', 'https://www.mnnit.ac.in/admissions', 'Complete online registration with JEE Main scorecard and academic records.'),
(109, 109, '2026-04-01', '2026-06-30', '10th marksheet, 12th marksheet, JEE Advanced scorecard, rank card, caste certificate if applicable', 'https://www.iitbhu.ac.in/admissions', 'Register on IIT BHU portal, upload rank document and personal information.'),
(110, 110, '2026-04-01', '2026-06-30', '10th marksheet, 12th marksheet, JEE Advanced scorecard, rank document, photo ID', 'https://www.iitbhu.ac.in/admissions', 'Apply through JEE Advanced counselling, complete seat allocation process.'),
(111, 111, '2026-04-01', '2026-06-30', '10th marksheet, 12th marksheet, JEE Main scorecard, photo ID, address proof', 'https://www.nith.ac.in/admissions', 'Register online, upload entrance exam scorecard and personal documents.'),
(112, 112, '2026-04-01', '2026-06-30', '10th marksheet, 12th marksheet, JEE Main scorecard, rank certificate, photo ID', 'https://www.nith.ac.in/admissions', 'Complete NIT registration with required entrance exam documents.'),
(113, 113, '2026-04-01', '2026-06-30', '10th marksheet, 12th marksheet, JEE Main scorecard, address proof, photo ID', 'https://www.pec.ac.in/admissions', 'Register on PEC portal, upload entrance exam score, complete admission process.'),
(114, 114, '2026-04-01', '2026-06-30', '10th marksheet, 12th marksheet, JEE Main scorecard, photo ID, address proof', 'https://www.pec.ac.in/admissions', 'Apply online with JEE Main scorecard and academic records.'),
(115, 115, '2026-04-01', '2026-06-30', '10th marksheet, 12th marksheet, JEE Main scorecard, rank card, photo ID', 'https://www.nsu.ac.in/admissions', 'Register on NSU portal, upload entrance exam documents, participate in counselling.'),
(116, 116, '2026-04-01', '2026-06-30', '10th marksheet, 12th marksheet, JEE Main scorecard, address proof, photo ID', 'https://www.nsu.ac.in/admissions', 'Complete online application with entrance exam score and academic documents.'),
(117, 117, '2026-04-01', '2026-06-30', '10th marksheet, 12th marksheet, JEE Main or LPUNEST scorecard, photo ID, address proof', 'https://www.lpu.in/admissions', 'Register on LPU portal, upload entrance exam score, complete online counselling.'),
(118, 118, '2026-04-01', '2026-06-30', '10th marksheet, 12th marksheet, LPUNEST or entrance exam scorecard, photo ID', 'https://www.lpu.in/admissions', 'Apply online with merit and entrance documents, secure admission.'),
(119, 119, '2026-04-01', '2026-06-30', '10th marksheet, 12th marksheet, VITEEE scorecard, photo ID, address proof', 'https://rvce.edu.in/admissions', 'Register on VITEEE portal, upload scorecard and personal information.'),
(120, 120, '2026-04-01', '2026-06-30', '10th marksheet, 12th marksheet, VITEEE or merit scorecard, photo ID', 'https://rvce.edu.in/admissions', 'Complete online registration with entrance exam or merit documents.'),
(121, 121, '2026-04-01', '2026-06-30', '10th marksheet, 12th marksheet, JEE Advanced or BITSAT scorecard, rank card, photo ID', 'https://www.daiict.ac.in/admissions', 'Register on DA-IICT portal, upload entrance exam score, participate in counselling.'),
(122, 122, '2026-04-01', '2026-06-30', '10th marksheet, 12th marksheet, BITSAT scorecard, rank document, photo ID', 'https://www.daiict.ac.in/admissions', 'Apply online with entrance exam documents and academic records.'),
(123, 123, '2026-04-01', '2026-06-30', '10th marksheet, 12th marksheet, entrance exam scorecard, photo ID, address proof', 'https://www.goa.ac.in/admissions', 'Register on Goa College portal, upload entrance exam score and personal documents.'),
(124, 124, '2026-04-01', '2026-06-30', '10th marksheet, 12th marksheet, entrance exam scorecard, photo ID, address proof', 'https://www.goa.ac.in/admissions', 'Complete online registration with entrance exam documents.'),
(125, 125, '2026-04-01', '2026-06-30', '10th marksheet, 12th marksheet, JEE Main or BITSAT scorecard, photo ID, address proof', 'https://www.nitj.ac.in/admissions', 'Register on NIT Jalandhar portal, upload entrance exam score and documents.'),
(126, 126, '2026-04-01', '2026-06-30', '10th marksheet, 12th marksheet, JEE Main scorecard, rank card, photo ID', 'https://www.nitj.ac.in/admissions', 'Apply through NIT counselling, complete seat allocation process.'),
(127, 127, '2026-04-01', '2026-06-30', '10th marksheet, 12th marksheet, JEE Advanced or SASTRA entrance scorecard, rank document', 'https://www.sastra.edu/admissions', 'Register on SASTRA portal, upload entrance exam score, participate in counselling.'),
(128, 128, '2026-04-01', '2026-06-30', '10th marksheet, 12th marksheet, SASTRA entrance scorecard, photo ID, address proof', 'https://www.sastra.edu/admissions', 'Apply online with entrance exam documents, complete admission process.'),
(129, 129, '2026-04-01', '2026-06-30', '10th marksheet, 12th marksheet, JEE Main or LPUNEST scorecard, photo ID, address proof', 'https://www.lpu.in/admissions', 'Register online, upload entrance exam score and academic records.'),
(130, 130, '2026-04-01', '2026-06-30', '10th marksheet, 12th marksheet, LPUNEST or merit scorecard, photo ID', 'https://www.lpu.in/admissions', 'Complete online application with entrance exam documents.'),
(131, 131, '2026-04-01', '2026-06-30', '10th marksheet, 12th marksheet, JEE Main scorecard, address proof, photo ID', 'https://www.shobhituniversity.ac.in/admissions', 'Register on Shobhit portal, upload entrance exam score and personal documents.'),
(132, 132, '2026-04-01', '2026-06-30', '10th marksheet, 12th marksheet, JEE Main scorecard, photo ID, address proof', 'https://www.shobhituniversity.ac.in/admissions', 'Apply online with entrance exam documents and academic records.'),
(133, 133, '2026-04-01', '2026-06-30', '10th marksheet, 12th marksheet, JEE Main or GATE scorecard, photo ID, address proof', 'https://www.geu.ac.in/admissions', 'Register on GEU portal, upload entrance exam score and personal information.'),
(134, 134, '2026-04-01', '2026-06-30', '10th marksheet, 12th marksheet, entrance exam scorecard, photo ID, address proof', 'https://www.geu.ac.in/admissions', 'Complete online registration with entrance exam documents and records.'),
(135, 135, '2026-04-01', '2026-06-30', '10th marksheet, 12th marksheet, JEE Main scorecard, rank card, photo ID', 'https://www.nmims.edu/admissions', 'Register on NMIMS portal, upload entrance exam score, participate in counselling.'),
(136, 136, '2026-04-01', '2026-06-30', '10th marksheet, 12th marksheet, entrance exam scorecard, photo ID, address proof', 'https://www.nmims.edu/admissions', 'Apply online with entrance exam documents and academic records.'),
(137, 137, '2026-04-01', '2026-06-30', '10th marksheet, 12th marksheet, JEE Main scorecard, address proof, photo ID', 'https://www.nitk.ac.in/admissions', 'Register on NIT Surathkal portal, upload entrance exam score and documents.'),
(138, 138, '2026-04-01', '2026-06-30', '10th marksheet, 12th marksheet, JEE Main scorecard, rank card, photo ID', 'https://www.nitk.ac.in/admissions', 'Complete NIT registration and seat allocation process.'),
(139, 139, '2026-04-01', '2026-06-30', '10th marksheet, 12th marksheet, JEE Main or GATE scorecard, photo ID, address proof', 'https://www.vit.ac.in/admissions', 'Register online, upload entrance exam score and academic records.'),
(140, 140, '2026-04-01', '2026-06-30', '10th marksheet, 12th marksheet, entrance exam scorecard, photo ID, address proof', 'https://www.vit.ac.in/admissions', 'Apply online with entrance exam documents and personal information.'),
(141, 141, '2026-04-01', '2026-06-30', '10th marksheet, 12th marksheet, JEE Advanced or merit scorecard, rank card, photo ID', 'https://www.ssn.edu.in/admissions', 'Register on SSN portal, upload entrance exam score, participate in counselling.'),
(142, 142, '2026-04-01', '2026-06-30', '10th marksheet, 12th marksheet, entrance exam scorecard, photo ID, address proof', 'https://www.ssn.edu.in/admissions', 'Apply online with merit or entrance exam documents, secure seat.'),
(143, 143, '2026-04-01', '2026-06-30', '10th marksheet, 12th marksheet, JEE Main scorecard, address proof, photo ID', 'https://www.kluniversity.in/admissions', 'Register on KL portal, upload entrance exam score and personal documents.'),
(144, 144, '2026-04-01', '2026-06-30', '10th marksheet, 12th marksheet, entrance exam scorecard, rank card, photo ID', 'https://www.kluniversity.in/admissions', 'Complete online registration and admission process.'),
(145, 145, '2026-04-01', '2026-06-30', '10th marksheet, 12th marksheet, EAPCET scorecard, photo ID, address proof', 'https://www.gmrit.edu.in/admissions', 'Register on GMR portal, upload entrance exam score, complete counselling.'),
(146, 146, '2026-04-01', '2026-06-30', '10th marksheet, 12th marksheet, entrance exam scorecard, photo ID, address proof', 'https://www.gmrit.edu.in/admissions', 'Apply online with entrance exam documents and academic records.'),
(147, 147, '2026-04-01', '2026-06-30', '10th marksheet, 12th marksheet, JEE Main scorecard, photo ID, address proof', 'https://www.itmindia.edu/admissions', 'Register on ITM portal, upload entrance exam score and personal documents.'),
(148, 148, '2026-04-01', '2026-06-30', '10th marksheet, 12th marksheet, entrance exam scorecard, rank card, photo ID', 'https://www.itmindia.edu/admissions', 'Complete online application with entrance exam documents.'),
(149, 149, '2026-04-01', '2026-06-30', '10th marksheet, 12th marksheet, JEE Main scorecard, address proof, photo ID', 'https://www.chitkara.edu.in/admissions', 'Register on Chitkara portal, upload entrance exam score and records.'),
(150, 150, '2026-04-01', '2026-06-30', '10th marksheet, 12th marksheet, entrance exam scorecard, photo ID, address proof', 'https://www.chitkara.edu.in/admissions', 'Apply online with entrance exam documents and personal information.'),
(151, 151, '2026-04-01', '2026-06-30', '10th marksheet, 12th marksheet, JEE Main scorecard, rank card, photo ID', 'https://www.jnu.ac.in/admissions', 'Register on JNU portal, upload entrance exam score, participate in counselling.'),
(152, 152, '2026-04-01', '2026-06-30', '10th marksheet, 12th marksheet, entrance exam scorecard, photo ID, address proof', 'https://www.jnu.ac.in/admissions', 'Complete online registration and admission process.'),
(153, 153, '2026-04-01', '2026-06-30', '10th marksheet, 12th marksheet, entrance exam scorecard, photo ID, address proof', 'https://www.mits.ac.in/admissions', 'Register online, upload entrance exam score and academic records.'),
(154, 154, '2026-04-01', '2026-06-30', '10th marksheet, 12th marksheet, entrance exam scorecard, rank card, photo ID', 'https://www.mits.ac.in/admissions', 'Apply online with entrance exam documents and personal information.'),
(155, 155, '2026-04-01', '2026-06-30', '10th marksheet, 12th marksheet, JEE Main scorecard, address proof, photo ID', 'https://www.mitwpu.edu.in/admissions', 'Register on MIT Pune portal, upload entrance exam score and documents.'),
(156, 156, '2026-04-01', '2026-06-30', '10th marksheet, 12th marksheet, entrance exam scorecard, photo ID, address proof', 'https://www.mitwpu.edu.in/admissions', 'Complete online registration with entrance exam documents.'),
(157, 157, '2026-04-01', '2026-06-30', '10th marksheet, 12th marksheet, entrance exam scorecard, photo ID, address proof', 'https://www.rtu.ac.in/admissions', 'Register on RTU portal, upload entrance exam score and academic records.'),
(158, 158, '2026-04-01', '2026-06-30', '10th marksheet, 12th marksheet, entrance exam scorecard, rank card, photo ID', 'https://www.rtu.ac.in/admissions', 'Apply online with entrance exam documents and personal information.'),
(159, 159, '2026-04-01', '2026-06-30', '10th marksheet, 12th marksheet, JEE Main scorecard, address proof, photo ID', 'https://www.jmi.ac.in/admissions', 'Register on JMI portal, upload entrance exam score and documents.'),
(160, 160, '2026-04-01', '2026-06-30', '10th marksheet, 12th marksheet, entrance exam scorecard, photo ID, address proof', 'https://www.jmi.ac.in/admissions', 'Complete online registration and admission process.'),
(161, 161, '2026-04-01', '2026-06-30', '10th marksheet, 12th marksheet, JEE Main scorecard, rank card, photo ID', 'https://www.dsu.edu.in/admissions', 'Register on DSU portal, upload entrance exam score, participate in counselling.'),
(162, 162, '2026-04-01', '2026-06-30', '10th marksheet, 12th marksheet, entrance exam scorecard, photo ID, address proof', 'https://www.dsu.edu.in/admissions', 'Apply online with entrance exam documents and academic records.'),
(163, 163, '2026-04-01', '2026-06-30', '10th marksheet, 12th marksheet, JEE Main scorecard, address proof, photo ID', 'https://www.karunya.edu/admissions', 'Register on Karunya portal, upload entrance exam score and documents.'),
(164, 164, '2026-04-01', '2026-06-30', '10th marksheet, 12th marksheet, entrance exam scorecard, rank card, photo ID', 'https://www.karunya.edu/admissions', 'Complete online registration with entrance exam documents.'),
(165, 165, '2026-04-01', '2026-06-30', '10th marksheet, 12th marksheet, entrance exam scorecard, photo ID, address proof', 'https://www.sec.ac.in/admissions', 'Register online, upload entrance exam score and academic records.'),
(166, 166, '2026-04-01', '2026-06-30', '10th marksheet, 12th marksheet, entrance exam scorecard, rank card, photo ID', 'https://www.sec.ac.in/admissions', 'Apply online with entrance exam documents and personal information.'),
(167, 167, '2026-04-01', '2026-06-30', '10th marksheet, 12th marksheet, JEE Main scorecard, address proof, photo ID', 'https://www.nitmz.ac.in/admissions', 'Register on NIT Mizoram portal, upload entrance exam score and documents.'),
(168, 168, '2026-04-01', '2026-06-30', '10th marksheet, 12th marksheet, entrance exam scorecard, photo ID, address proof', 'https://www.nitmz.ac.in/admissions', 'Complete online registration and admission process.'),
(169, 169, '2026-04-01', '2026-06-30', '10th marksheet, 12th marksheet, JEE Advanced scorecard, rank card, photo ID', 'https://www.iitg.ac.in/admissions', 'Register on IIT Guwahati portal, upload rank card, participate in counselling.'),
(170, 170, '2026-04-01', '2026-06-30', '10th marksheet, 12th marksheet, JEE Advanced scorecard, address proof, photo ID', 'https://www.iitg.ac.in/admissions', 'Apply through JEE Advanced counselling, complete seat allocation process.'),
(171, 171, '2026-04-01', '2026-06-30', '10th marksheet, 12th marksheet, JEE Main scorecard, rank card, photo ID', 'https://www.nitsikkim.ac.in/admissions', 'Register online, upload entrance exam score and academic documents.'),
(172, 172, '2026-04-01', '2026-06-30', '10th marksheet, 12th marksheet, entrance exam scorecard, photo ID, address proof', 'https://www.nitsikkim.ac.in/admissions', 'Apply with entrance exam documents and personal information.'),
(173, 173, '2026-04-01', '2026-06-30', '10th marksheet, 12th marksheet, JEE Advanced scorecard, rank document, photo ID', 'https://www.iitr.ac.in/admissions', 'Register on IIT Roorkee portal, upload rank card, participate in counselling.'),
(174, 174, '2026-04-01', '2026-06-30', '10th marksheet, 12th marksheet, JEE Advanced scorecard, address proof, photo ID', 'https://www.iitr.ac.in/admissions', 'Complete JEE Advanced counselling and seat allocation process.'),
(175, 175, '2026-04-01', '2026-06-30', '10th marksheet, 12th marksheet, JEE Main scorecard, photo ID, address proof', 'https://www.mnrec.ac.in/admissions', 'Register online, upload entrance exam score and academic records.'),
(176, 176, '2026-04-01', '2026-06-30', '10th marksheet, 12th marksheet, entrance exam scorecard, rank card, photo ID', 'https://www.mnrec.ac.in/admissions', 'Apply online with entrance exam documents.'),
(177, 177, '2026-04-01', '2026-06-30', '10th marksheet, 12th marksheet, entrance exam scorecard, photo ID, address proof', 'https://www.yenepoya.edu.in/admissions', 'Register online, upload entrance exam score and personal documents.'),
(178, 178, '2026-04-01', '2026-06-30', '10th marksheet, 12th marksheet, entrance exam scorecard, rank card, photo ID', 'https://www.yenepoya.edu.in/admissions', 'Complete online registration and admission process.'),
(179, 179, '2026-04-01', '2026-06-30', '10th marksheet, 12th marksheet, JEE Main scorecard, address proof, photo ID', 'https://www.dypatil.edu/admissions', 'Register on Dr. D.Y. Patil portal, upload entrance exam score and documents.'),
(180, 180, '2026-04-01', '2026-06-30', '10th marksheet, 12th marksheet, entrance exam scorecard, photo ID, address proof', 'https://www.dypatil.edu/admissions', 'Apply online with entrance exam documents and academic records.'),
(181, 181, '2026-04-01', '2026-06-30', '10th marksheet, 12th marksheet, entrance exam scorecard, rank card, photo ID', 'https://www.jyothyit.ac.in/admissions', 'Register online, upload entrance exam score and academic information.'),
(182, 182, '2026-04-01', '2026-06-30', '10th marksheet, 12th marksheet, entrance exam scorecard, photo ID, address proof', 'https://www.jyothyit.ac.in/admissions', 'Complete online registration and admission process.'),
(183, 183, '2026-04-01', '2026-06-30', '10th marksheet, 12th marksheet, JEE Main scorecard, address proof, photo ID', 'https://www.vcet.ac.in/admissions', 'Register on Vidyavardhini portal, upload entrance exam score and documents.'),
(184, 184, '2026-04-01', '2026-06-30', '10th marksheet, 12th marksheet, entrance exam scorecard, rank card, photo ID', 'https://www.vcet.ac.in/admissions', 'Apply online with entrance exam documents and personal information.'),
(185, 185, '2026-04-01', '2026-06-30', '10th marksheet, 12th marksheet, JEE Main scorecard, photo ID, address proof', 'https://www.nit.ac.in/admissions', 'Register online, upload entrance exam score and academic records.'),
(186, 186, '2026-04-01', '2026-06-30', '10th marksheet, 12th marksheet, entrance exam scorecard, rank card, photo ID', 'https://www.nit.ac.in/admissions', 'Complete online registration and admission process.'),
(187, 187, '2026-04-01', '2026-06-30', '10th marksheet, 12th marksheet, JEE Main scorecard, address proof, photo ID', 'https://www.shobhituniversity.ac.in/admissions', 'Register on Shobhit portal, upload entrance exam score and documents.'),
(188, 188, '2026-04-01', '2026-06-30', '10th marksheet, 12th marksheet, entrance exam scorecard, photo ID, address proof', 'https://www.shobhituniversity.ac.in/admissions', 'Apply online with entrance exam documents and academic records.'),
(189, 189, '2026-04-01', '2026-06-30', '10th marksheet, 12th marksheet, entrance exam scorecard, rank card, photo ID', 'https://www.eca.ac.in/admissions', 'Register online, upload entrance exam score and personal information.'),
(190, 190, '2026-04-01', '2026-06-30', '10th marksheet, 12th marksheet, entrance exam scorecard, photo ID, address proof', 'https://www.eca.ac.in/admissions', 'Complete online registration and admission process.'),
(191, 191, '2026-04-01', '2026-06-30', '10th marksheet, 12th marksheet, JEE Main or KCET scorecard, photo ID, address proof', 'https://cusat.ac.in/admissions', 'Register on CUSAT portal, upload entrance exam score and documents.'),
(192, 192, '2026-04-01', '2026-06-30', '10th marksheet, 12th marksheet, KCET scorecard, rank card, photo ID', 'https://cusat.ac.in/admissions', 'Apply through KCET counselling or merit-based process.'),
(193, 193, '2026-04-01', '2026-06-30', '10th marksheet, 12th marksheet, TNEA scorecard, photo ID, address proof', 'https://www.annauniv.edu/admissions', 'Register on Anna University portal, upload TNEA score and documents.'),
(194, 194, '2026-04-01', '2026-06-30', '10th marksheet, 12th marksheet, entrance exam scorecard, rank card, photo ID', 'https://www.annauniv.edu/admissions', 'Apply through TNEA counselling or merit-based admission.'),
(195, 195, '2026-04-01', '2026-06-30', '10th marksheet, 12th marksheet, WBJEE scorecard, photo ID, address proof', 'https://www.bput.ac.in/admissions', 'Register on BPUT portal, upload WBJEE score and documents.'),
(196, 196, '2026-04-01', '2026-06-30', '10th marksheet, 12th marksheet, entrance exam scorecard, rank card, photo ID', 'https://www.bput.ac.in/admissions', 'Apply through WBJEE counselling or direct admission.'),
(197, 197, '2026-04-01', '2026-06-30', '10th marksheet, 12th marksheet, entrance exam scorecard, photo ID, address proof', 'https://www.kufos.ac.in/admissions', 'Register online, upload entrance exam score and academic records.'),
(198, 198, '2026-04-01', '2026-06-30', '10th marksheet, 12th marksheet, entrance exam scorecard, rank card, photo ID', 'https://www.kufos.ac.in/admissions', 'Complete online registration and admission process.'),
(199, 199, '2026-04-01', '2026-06-30', '10th marksheet, 12th marksheet, JEE Main scorecard, photo ID, address proof', 'https://www.nitnagpur.ac.in/admissions', 'Register on NIT Nagpur portal, upload entrance exam score and documents.'),
(200, 200, '2026-04-01', '2026-06-30', '10th marksheet, 12th marksheet, entrance exam scorecard, rank card, photo ID', 'https://www.nitnagpur.ac.in/admissions', 'Apply online with entrance exam documents and complete admission process.'),
(201, 201, '2026-04-01', '2026-06-30', '10th marksheet, 12th marksheet, merit scorecard, photo ID', 'https://www.kits.ac.in/admissions', 'Register online, submit merit documents and complete admission.'),
(202, 202, '2026-04-01', '2026-06-30', '10th marksheet, 12th marksheet, entrance exam scorecard, photo ID', 'https://www.kits.ac.in/admissions', 'Apply through EAPCET portal or merit basis.'),
(203, 203, '2026-04-01', '2026-06-30', '10th marksheet, 12th marksheet, merit scorecard, photo ID, address proof', 'https://www.iare.ac.in/admissions', 'Register and complete admission process online.'),
(204, 204, '2026-04-01', '2026-06-30', '10th marksheet, 12th marksheet, entrance exam scorecard, photo ID', 'https://www.iare.ac.in/admissions', 'Apply online with required documents.'),
(205, 205, '2026-04-01', '2026-06-30', '10th marksheet, 12th marksheet, merit scorecard, photo ID, address proof', 'https://www.mrecollege.ac.in/admissions', 'Register and submit documents online.'),
(206, 206, '2026-04-01', '2026-06-30', '10th marksheet, 12th marksheet, entrance exam scorecard, photo ID', 'https://www.mrecollege.ac.in/admissions', 'Complete online admission process.'),
(207, 207, '2026-04-01', '2026-06-30', '10th marksheet, 12th marksheet, merit scorecard, photo ID, address proof', 'https://www.sreenidhi.edu.in/admissions', 'Register and complete admission process.'),
(208, 208, '2026-04-01', '2026-06-30', '10th marksheet, 12th marksheet, entrance exam scorecard, photo ID', 'https://www.sreenidhi.edu.in/admissions', 'Apply online with required documents.'),
(209, 209, '2026-04-01', '2026-06-30', '10th marksheet, 12th marksheet, merit scorecard, photo ID, address proof', 'https://www.sairam.edu.in/admissions', 'Register on portal and submit documents.'),
(210, 210, '2026-04-01', '2026-06-30', '10th marksheet, 12th marksheet, entrance exam scorecard, photo ID', 'https://www.sairam.edu.in/admissions', 'Complete online admission.'),
(211, 211, '2026-04-01', '2026-06-30', '10th marksheet, 12th marksheet, merit scorecard, photo ID, address proof', 'https://www.meenakshi.ac.in/admissions', 'Register and submit documents online.'),
(212, 212, '2026-04-01', '2026-06-30', '10th marksheet, 12th marksheet, entrance exam scorecard, photo ID', 'https://www.meenakshi.ac.in/admissions', 'Apply online with required documents.'),
(213, 213, '2026-04-01', '2026-06-30', '10th marksheet, 12th marksheet, merit scorecard, photo ID, address proof', 'https://www.sathyabama.ac.in/admissions', 'Register and complete admission process.'),
(214, 214, '2026-04-01', '2026-06-30', '10th marksheet, 12th marksheet, entrance exam scorecard, photo ID', 'https://www.sathyabama.ac.in/admissions', 'Apply online with required documents.'),
(215, 215, '2026-04-01', '2026-06-30', '10th marksheet, 12th marksheet, merit scorecard, photo ID, address proof', 'https://www.veltech.edu.in/admissions', 'Register on portal and submit documents.'),
(216, 216, '2026-04-01', '2026-06-30', '10th marksheet, 12th marksheet, entrance exam scorecard, photo ID', 'https://www.veltech.edu.in/admissions', 'Complete online admission.'),
(217, 217, '2026-04-01', '2026-06-30', '10th marksheet, 12th marksheet, merit scorecard, photo ID, address proof', 'https://www.saveetha.ac.in/admissions', 'Register and submit documents online.'),
(218, 218, '2026-04-01', '2026-06-30', '10th marksheet, 12th marksheet, entrance exam scorecard, photo ID', 'https://www.saveetha.ac.in/admissions', 'Apply online with required documents.'),
(219, 219, '2026-04-01', '2026-06-30', '10th marksheet, 12th marksheet, merit scorecard, photo ID, address proof', 'https://www.drmgrdu.ac.in/admissions', 'Register and complete admission process.'),
(220, 220, '2026-04-01', '2026-06-30', '10th marksheet, 12th marksheet, entrance exam scorecard, photo ID', 'https://www.drmgrdu.ac.in/admissions', 'Apply online with required documents.'),
(221, 221, '2026-04-01', '2026-06-30', '10th marksheet, 12th marksheet, merit scorecard, photo ID, address proof', 'https://www.krcce.ac.in/admissions', 'Register on portal and submit documents.'),
(222, 222, '2026-04-01', '2026-06-30', '10th marksheet, 12th marksheet, entrance exam scorecard, photo ID', 'https://www.krcce.ac.in/admissions', 'Complete online admission.'),
(223, 223, '2026-04-01', '2026-06-30', '10th marksheet, 12th marksheet, merit scorecard, photo ID, address proof', 'https://www.aurc.tnau.ac.in/admissions', 'Register and submit documents online.'),
(224, 224, '2026-04-01', '2026-06-30', '10th marksheet, 12th marksheet, entrance exam scorecard, photo ID', 'https://www.aurc.tnau.ac.in/admissions', 'Apply online with required documents.'),
(225, 225, '2026-04-01', '2026-06-30', '10th marksheet, 12th marksheet, merit scorecard, photo ID, address proof', 'https://www.hindusthan.ac.in/admissions', 'Register and complete admission process.'),
(226, 226, '2026-04-01', '2026-06-30', '10th marksheet, 12th marksheet, entrance exam scorecard, photo ID', 'https://www.hindusthan.ac.in/admissions', 'Apply online with required documents.'),
(227, 227, '2026-04-01', '2026-06-30', '10th marksheet, 12th marksheet, merit scorecard, photo ID, address proof', 'https://www.kahedu.edu.in/admissions', 'Register on portal and submit documents.'),
(228, 228, '2026-04-01', '2026-06-30', '10th marksheet, 12th marksheet, entrance exam scorecard, photo ID', 'https://www.kahedu.edu.in/admissions', 'Complete online admission.'),
(229, 229, '2026-04-01', '2026-06-30', '10th marksheet, 12th marksheet, merit scorecard, photo ID, address proof', 'https://www.excelengineering.com/admissions', 'Register and submit documents online.'),
(230, 230, '2026-04-01', '2026-06-30', '10th marksheet, 12th marksheet, entrance exam scorecard, photo ID', 'https://www.excelengineering.com/admissions', 'Apply online with required documents.'),
(231, 231, '2026-04-01', '2026-06-30', '10th marksheet, 12th marksheet, merit scorecard, photo ID, address proof', 'https://www.srieshwar.ac.in/admissions', 'Register and complete admission process.'),
(232, 232, '2026-04-01', '2026-06-30', '10th marksheet, 12th marksheet, entrance exam scorecard, photo ID', 'https://www.srieshwar.ac.in/admissions', 'Apply online with required documents.'),
(233, 233, '2026-04-01', '2026-06-30', '10th marksheet, 12th marksheet, merit scorecard, photo ID, address proof', 'https://www.kiot.ac.in/admissions', 'Register on portal and submit documents.'),
(234, 234, '2026-04-01', '2026-06-30', '10th marksheet, 12th marksheet, entrance exam scorecard, photo ID', 'https://www.kiot.ac.in/admissions', 'Complete online admission.'),
(235, 235, '2026-04-01', '2026-06-30', '10th marksheet, 12th marksheet, merit scorecard, photo ID, address proof', 'https://www.srec.ac.in/admissions', 'Register and submit documents online.'),
(236, 236, '2026-04-01', '2026-06-30', '10th marksheet, 12th marksheet, entrance exam scorecard, photo ID', 'https://www.srec.ac.in/admissions', 'Apply online with required documents.'),
(237, 237, '2026-04-01', '2026-06-30', '10th marksheet, 12th marksheet, merit scorecard, photo ID, address proof', 'https://www.jecblr.edu.in/admissions', 'Register and complete admission process.'),
(238, 238, '2026-04-01', '2026-06-30', '10th marksheet, 12th marksheet, entrance exam scorecard, photo ID', 'https://www.jecblr.edu.in/admissions', 'Apply online with required documents.'),
(239, 239, '2026-04-01', '2026-06-30', '10th marksheet, 12th marksheet, merit scorecard, photo ID, address proof', 'https://www.sit.ac.in/admissions', 'Register on portal and submit documents.'),
(240, 240, '2026-04-01', '2026-06-30', '10th marksheet, 12th marksheet, entrance exam scorecard, photo ID', 'https://www.sit.ac.in/admissions', 'Complete online admission.'),
(241, 241, '2026-04-01', '2026-06-30', '10th marksheet, 12th marksheet, merit scorecard, photo ID, address proof', 'https://www.sharnbasva.ac.in/admissions', 'Register and submit documents online.'),
(242, 242, '2026-04-01', '2026-06-30', '10th marksheet, 12th marksheet, entrance exam scorecard, photo ID', 'https://www.sharnbasva.ac.in/admissions', 'Apply online with required documents.'),
(243, 243, '2026-04-01', '2026-06-30', '10th marksheet, 12th marksheet, merit scorecard, photo ID, address proof', 'https://www.bitm.ac.in/admissions', 'Register and complete admission process.'),
(244, 244, '2026-04-01', '2026-06-30', '10th marksheet, 12th marksheet, entrance exam scorecard, photo ID', 'https://www.bitm.ac.in/admissions', 'Apply online with required documents.'),
(245, 245, '2026-04-01', '2026-06-30', '10th marksheet, 12th marksheet, merit scorecard, photo ID, address proof', 'https://www.atria.edu/admissions', 'Register on portal and submit documents.'),
(246, 246, '2026-04-01', '2026-06-30', '10th marksheet, 12th marksheet, entrance exam scorecard, photo ID', 'https://www.atria.edu/admissions', 'Complete online admission.'),
(247, 247, '2026-04-01', '2026-06-30', '10th marksheet, 12th marksheet, merit scorecard, photo ID, address proof', 'https://www.ritblr.ac.in/admissions', 'Register and submit documents online.'),
(248, 248, '2026-04-01', '2026-06-30', '10th marksheet, 12th marksheet, entrance exam scorecard, photo ID', 'https://www.ritblr.ac.in/admissions', 'Apply online with required documents.'),
(249, 249, '2026-04-01', '2026-06-30', '10th marksheet, 12th marksheet, merit scorecard, photo ID, address proof', 'https://www.mitwpu.edu.in/admissions', 'Register and complete admission process.'),
(250, 250, '2026-04-01', '2026-06-30', '10th marksheet, 12th marksheet, entrance exam scorecard, photo ID', 'https://www.mitwpu.edu.in/admissions', 'Apply online with required documents.'),
(251, 251, '2026-04-01', '2026-06-30', '10th marksheet, 12th marksheet, merit scorecard, photo ID, address proof', 'https://www.sknce.ac.in/admissions', 'Register on portal and submit documents.'),
(252, 252, '2026-04-01', '2026-06-30', '10th marksheet, 12th marksheet, entrance exam scorecard, photo ID', 'https://www.sknce.ac.in/admissions', 'Complete online admission.'),
(253, 253, '2026-04-01', '2026-06-30', '10th marksheet, 12th marksheet, merit scorecard, photo ID, address proof', 'https://www.sitpune.edu.in/admissions', 'Register and submit documents online.'),
(254, 254, '2026-04-01', '2026-06-30', '10th marksheet, 12th marksheet, entrance exam scorecard, photo ID', 'https://www.sitpune.edu.in/admissions', 'Apply online with required documents.'),
(255, 255, '2026-04-01', '2026-06-30', '10th marksheet, 12th marksheet, merit scorecard, photo ID, address proof', 'https://www.mitech.ac.in/admissions', 'Register and complete admission process.'),
(256, 256, '2026-04-01', '2026-06-30', '10th marksheet, 12th marksheet, entrance exam scorecard, photo ID', 'https://www.mitech.ac.in/admissions', 'Apply online with required documents.'),
(257, 257, '2026-04-01', '2026-06-30', '10th marksheet, 12th marksheet, merit scorecard, photo ID, address proof', 'https://www.rtmnu.ac.in/admissions', 'Register on portal and submit documents.'),
(258, 258, '2026-04-01', '2026-06-30', '10th marksheet, 12th marksheet, entrance exam scorecard, photo ID', 'https://www.rtmnu.ac.in/admissions', 'Complete online admission.'),
(259, 259, '2026-04-01', '2026-06-30', '10th marksheet, 12th marksheet, merit scorecard, photo ID, address proof', 'https://www.kdce.ac.in/admissions', 'Register and submit documents online.'),
(260, 260, '2026-04-01', '2026-06-30', '10th marksheet, 12th marksheet, entrance exam scorecard, photo ID', 'https://www.kdce.ac.in/admissions', 'Apply online with required documents.'),
(261, 261, '2026-04-01', '2026-06-30', '10th marksheet, 12th marksheet, merit scorecard, photo ID, address proof', 'https://www.rait.ac.in/admissions', 'Register and complete admission process.'),
(262, 262, '2026-04-01', '2026-06-30', '10th marksheet, 12th marksheet, entrance exam scorecard, photo ID', 'https://www.rait.ac.in/admissions', 'Apply online with required documents.'),
(263, 263, '2026-04-01', '2026-06-30', '10th marksheet, 12th marksheet, merit scorecard, photo ID, address proof', 'https://www.vit-pune.ac.in/admissions', 'Register on portal and submit documents.'),
(264, 264, '2026-04-01', '2026-06-30', '10th marksheet, 12th marksheet, entrance exam scorecard, photo ID', 'https://www.vit-pune.ac.in/admissions', 'Complete online admission.'),
(265, 265, '2026-04-01', '2026-06-30', '10th marksheet, 12th marksheet, merit scorecard, photo ID, address proof', 'https://www.siet.ac.in/admissions', 'Register and submit documents online.'),
(266, 266, '2026-04-01', '2026-06-30', '10th marksheet, 12th marksheet, entrance exam scorecard, photo ID', 'https://www.siet.ac.in/admissions', 'Apply online with required documents.'),
(267, 267, '2026-04-01', '2026-06-30', '10th marksheet, 12th marksheet, merit scorecard, photo ID, address proof', 'https://www.paruluniversity.ac.in/admissions', 'Register and complete admission process.'),
(268, 268, '2026-04-01', '2026-06-30', '10th marksheet, 12th marksheet, entrance exam scorecard, photo ID', 'https://www.paruluniversity.ac.in/admissions', 'Apply online with required documents.'),
(269, 269, '2026-04-01', '2026-06-30', '10th marksheet, 12th marksheet, merit scorecard, photo ID, address proof', 'https://www.silveroak.ac.in/admissions', 'Register on portal and submit documents.'),
(270, 270, '2026-04-01', '2026-06-30', '10th marksheet, 12th marksheet, entrance exam scorecard, photo ID', 'https://www.silveroak.ac.in/admissions', 'Complete online admission.'),
(271, 271, '2026-04-01', '2026-06-30', '10th marksheet, 12th marksheet, merit scorecard, photo ID, address proof', 'https://www.marwadiuniversity.ac.in/admissions', 'Register and submit documents online.'),
(272, 272, '2026-04-01', '2026-06-30', '10th marksheet, 12th marksheet, entrance exam scorecard, photo ID', 'https://www.marwadiuniversity.ac.in/admissions', 'Apply online with required documents.'),
(273, 273, '2026-04-01', '2026-06-30', '10th marksheet, 12th marksheet, merit scorecard, photo ID, address proof', 'https://www.ljinstitute.edu.in/admissions', 'Register and complete admission process.'),
(274, 274, '2026-04-01', '2026-06-30', '10th marksheet, 12th marksheet, entrance exam scorecard, photo ID', 'https://www.ljinstitute.edu.in/admissions', 'Apply online with required documents.'),
(275, 275, '2026-04-01', '2026-06-30', '10th marksheet, 12th marksheet, merit scorecard, photo ID, address proof', 'https://www.scet.ac.in/admissions', 'Register on portal and submit documents.'),
(276, 276, '2026-04-01', '2026-06-30', '10th marksheet, 12th marksheet, entrance exam scorecard, photo ID', 'https://www.scet.ac.in/admissions', 'Complete online admission.'),
(277, 277, '2026-04-01', '2026-06-30', '10th marksheet, 12th marksheet, merit scorecard, photo ID, address proof', 'https://www.ccet.ac.in/admissions', 'Register and submit documents online.'),
(278, 278, '2026-04-01', '2026-06-30', '10th marksheet, 12th marksheet, entrance exam scorecard, photo ID', 'https://www.ccet.ac.in/admissions', 'Apply online with required documents.'),
(279, 279, '2026-04-01', '2026-06-30', '10th marksheet, 12th marksheet, merit scorecard, photo ID, address proof', 'https://www.gnauniversity.edu.in/admissions', 'Register and complete admission process.'),
(280, 280, '2026-04-01', '2026-06-30', '10th marksheet, 12th marksheet, entrance exam scorecard, photo ID', 'https://www.gnauniversity.edu.in/admissions', 'Apply online with required documents.'),
(281, 281, '2026-04-01', '2026-06-30', '10th marksheet, 12th marksheet, merit scorecard, photo ID, address proof', 'https://www.acet.ac.in/admissions', 'Register on portal and submit documents.'),
(282, 282, '2026-04-01', '2026-06-30', '10th marksheet, 12th marksheet, entrance exam scorecard, photo ID', 'https://www.acet.ac.in/admissions', 'Complete online admission.'),
(283, 283, '2026-04-01', '2026-06-30', '10th marksheet, 12th marksheet, merit scorecard, photo ID, address proof', 'https://www.acerc.in/admissions', 'Register and submit documents online.'),
(284, 284, '2026-04-01', '2026-06-30', '10th marksheet, 12th marksheet, entrance exam scorecard, photo ID', 'https://www.acerc.in/admissions', 'Apply online with required documents.'),
(285, 285, '2026-04-01', '2026-06-30', '10th marksheet, 12th marksheet, merit scorecard, photo ID, address proof', 'https://www.rkit.ac.in/admissions', 'Register and complete admission process.'),
(286, 286, '2026-04-01', '2026-06-30', '10th marksheet, 12th marksheet, entrance exam scorecard, photo ID', 'https://www.rkit.ac.in/admissions', 'Apply online with required documents.'),
(287, 287, '2026-04-01', '2026-06-30', '10th marksheet, 12th marksheet, merit scorecard, photo ID, address proof', 'https://www.gbu.ac.in/admissions', 'Register on portal and submit documents.'),
(288, 288, '2026-04-01', '2026-06-30', '10th marksheet, 12th marksheet, entrance exam scorecard, photo ID', 'https://www.gbu.ac.in/admissions', 'Complete online admission.'),
(289, 289, '2026-04-01', '2026-06-30', '10th marksheet, 12th marksheet, merit scorecard, photo ID, address proof', 'https://www.mjpru.ac.in/admissions', 'Register and submit documents online.'),
(290, 290, '2026-04-01', '2026-06-30', '10th marksheet, 12th marksheet, entrance exam scorecard, photo ID', 'https://www.mjpru.ac.in/admissions', 'Apply online with required documents.'),
(291, 291, '2026-04-01', '2026-06-30', '10th marksheet, 12th marksheet, merit scorecard, photo ID, address proof', 'https://www.rtu.ac.in/admissions', 'Register and complete admission process.'),
(292, 292, '2026-04-01', '2026-06-30', '10th marksheet, 12th marksheet, entrance exam scorecard, photo ID', 'https://www.rtu.ac.in/admissions', 'Apply online with required documents.'),
(293, 293, '2026-04-01', '2026-06-30', '10th marksheet, 12th marksheet, merit scorecard, photo ID, address proof', 'https://www.sgu.ac.in/admissions', 'Register on portal and submit documents.'),
(294, 294, '2026-04-01', '2026-06-30', '10th marksheet, 12th marksheet, entrance exam scorecard, photo ID', 'https://www.sgu.ac.in/admissions', 'Complete online admission.'),
(295, 295, '2026-04-01', '2026-06-30', '10th marksheet, 12th marksheet, merit scorecard, photo ID, address proof', 'https://www.arya.ac.in/admissions', 'Register and submit documents online.'),
(296, 296, '2026-04-01', '2026-06-30', '10th marksheet, 12th marksheet, entrance exam scorecard, photo ID', 'https://www.arya.ac.in/admissions', 'Apply online with required documents.'),
(297, 297, '2026-04-01', '2026-06-30', '10th marksheet, 12th marksheet, merit scorecard, photo ID, address proof', 'https://www.banasthali.ac.in/admissions', 'Register and complete admission process.'),
(298, 298, '2026-04-01', '2026-06-30', '10th marksheet, 12th marksheet, entrance exam scorecard, photo ID', 'https://www.banasthali.ac.in/admissions', 'Apply online with required documents.'),
(299, 299, '2026-04-01', '2026-06-30', '10th marksheet, 12th marksheet, merit scorecard, photo ID, address proof', 'https://www.bhu.ac.in/admissions', 'Register on portal and submit documents.'),
(300, 300, '2026-04-01', '2026-06-30', '10th marksheet, 12th marksheet, entrance exam scorecard, photo ID', 'https://www.bhu.ac.in/admissions', 'Complete online admission process.');